best_comment,comment_num,content,likes,author
"
原始人时代是因为跑不了才在一起，唐宋时期是因为怕丢人才不离婚，现在是一个自由的时代，如果真心相爱，就不存在走心还是走肾的问题了。
",25,"


原始人时代，你带着棒子，看上哪个了，一棒子下去，女的拖回家就是你的了；唐宋时期，生米煮成熟饭，这女的也是你的了；现在就算你把她生米煮成爆米花也不见的是你的。有时候你想走个肾，却不小心走了心，有时候你想走个心，却发现只是走了肾；世界那么大，床那么小，床上的两个人曾经那么好，却不能到老。我喜欢牵了手就能成婚的故事，却活在了一个上了床也没有结果的时代…[病了][病了]

",1173,"
zjz959
"
"
根据你点的韭菜和腰子，恕我直言，阁下可能有点软啊
",15,"


恕我直言，烧烤这种东西的出现简直就是对食物的不尊重，简直是浪费食......呦，再来一瓶，老板，中了，再来五串腰子五串韭菜。

",818,"
临时工编号1008…
"
"
伟哥给他找了个鸡，
",12,"


我有个同学建哥，脾气暴躁，一直单身，毕业后寝室伟哥给他介绍一个。相亲时，我们几个坐旁边桌偷看。那天很热，进来个170的大长腿，美艳白嫩，全场瞩目，上来就坐建哥对面，第一句就是：“有房吗？”建哥摇摇头。美女：“有车吗？”建哥又摇摇头。美女：“存款呢？”建哥叹了口气低头收拾一下准备走了，美女：“这些我都有，我就问你一句，你是处男吗？”建哥愣了一秒：“我是，我是，我草，幸福来的太突然了！”看着俩人出餐厅，我们都懵了。磊哥突然说：“伟哥，我也是处男，你给我也介绍一个这样的呗？”伟哥掏出烟点上深深吸了一口
…
",314,"
见笑了哈
"
,6,"


我真的看不了那些打小孩的，虐待的，看完心底会有恐惧，是不是因为胆子太小。。。

",249,"
你为何不跪
"
,21,"


坐等蹭烧烤。大庆绿地御园。

",83,"
饕餮晟
"
"
哪用这么麻烦。裸贷！钱不还了。让放贷的流氓把照片卖给色情网站，收益一人一半。啊？不知道哪有色情网站啊。。。糗友们，谁给帮忙提供一下？
",42,"


空手套白狼

",558,"
靥琪维维
"
"
你这算什么？洞房第二天，我早上吃饭觉得客厅摇晃很厉害，非说地震了，老爸照头给了我一筷子才清醒了点[捂脸][捂脸]
",97,"


那年情人节，我和媳妇儿在路边吃烤串，看到不远处有卖花的，我偷偷过去打算买一束。",3064,"
隐笛
"
,2,"


刚刚快递小哥打电话说快递到了，让下楼去取。因为懒癌症犯了，就跟快递小哥说不在家，放在自提柜好了。半个小时过去了，想起今天好几个快递都到了，于是下楼取快递。在自提柜跟前刚好有个快递小哥再放快递。他回头看见我问我取快递么，我说是的。他说那你先取吧，我刚放进去一个快递，剩下的正好没柜子了，你取了我再放。伴随着柜子打开的声音，快递小哥的声音从后面悠悠的飘过来。你不是说不在家吗？我都跑两趟了自提柜才有个空的，刚放进去一会还没捂热呢！在快递小哥嫌弃的眼神中默默飘走。要不是穿着睡衣拖鞋，真想说自己刚从外面回来
…
",130,"
香蕉皮^ω^
"
,2,"


我有个同学建哥，脾气暴躁，上学时就总被教导主任训斥。当时上学时学校有些规定，像上课睡觉记过一次，上课看课外书通报批评一次，往学校带不健康书籍物品的留校察看等。记得当时建哥上课看黄书看累了，趴在书上睡着了，还留了一书哈喇子，被老师逮到了，最后以情节非常恶劣为名给开除了。

",198,"
见笑了哈
"
,30,"


虽然知道养狗败家，但还是养着，因为狗狗可以给你一个全新的家，哈哈

",977,"
不能单身的单身狗
"
"
段子编的太烂了，八国联军，奥匈帝国没了，意大利，美国没进世界杯，剩下的英，法，德，日，俄总共15场小组赛，加一起输了5场，你这场场买输，不赔的卖老婆才怪。
",5,"


你大爷还是你大爷

",528,"
段子傻妞也
"
"
改天你嫂上了博士后，你哥得把八大菜系都做遍了……
",80,"


哥刚和嫂子恋爱时压力很大，因为嫂子是个博士，哥是研究生，觉得学历不对等，哥说结婚后这种感觉瞬间木有了，我问为啥？哥说:你嫂子学历虽高，可生活上啥也不会，哈哈哈！说完看见哥开心滴解开身上的围裙指着一大桌子菜，说:快去叫你嫂子来吃饭，我要用我的战绩羞辱她！",4044,"
倾心倾情%%
"
,3,"


在外打工，不常回家。过年时去媳妇娘家，丈母娘从冰箱里拿出特意留给我们的冷冻的野草莓和青皮核桃。",262,"
十度劫佛
"
,4,"


今天跟一女同事聊天，我问她那里的，她说广西的，我想到了许华升和老表，我脑子一热学广西话，那不是跟老婊子(老表仔)一个地方的吗，下午班都没上了。我今天才知道原来一个手也可以玩糗百，这房间就是好啊，还有空调……

",260,"
懂你√
"
,7,"


大神们，此乃什么神兽？

",71,"
Hey,cg
"
"
第二天晚上，堂嫂让堂哥守夜，早上发现小龙虾没事儿，堂哥没了
",21,"


堂哥养殖小龙虾，最近小偷猖獗，为了避免损失，堂嫂让他守夜，他守了两晚，觉得太累，想出一个空城计的法子，花一百多买了个帐篷放在水池边上，帐篷里点上灯，假装有人守夜。",779,"
双手发抖
"
"
最可气的竟然是老师儿子摘走的。
",9,"


初中早恋，老师给我说:你们还小，现在的爱情就像没有成熟的桃子，又涩又苦，等你们长大了，桃子成熟了，那时候就甜蜜了……现在桃子熟了被别人摘去了……[流鼻血]

",512,"
一本正经小逗币
"
,0,"


一份突如其来的工作！羡慕了

",210,"
李行道
"
,0,"


这个表情包的面孔笑死我了哈哈哈

",156,"
撩汉大婶
"
,9,"


明天就是自己23周岁的生日，看了糗百快一年了，希望大家给过吧

",74,"
回忆这，回忆那
"
"
把自己拎起来了？
",6,"


这是一个真事_",488,"
梦斗战神
"
"
鸡鸡复鸡鸡，神龙是平胸。
",46,"


最近新剪了一个短发，下午去和闺蜜逛街，，，，，，，，，",632,"
劳资是小神龙
"
,4,"


雷第森安的乡亲们，接上回说到因为二罐臭豆腐发生一系列神奇的事件后,我被我爹揍的一星期没去上学,二篮后来告诉我,屎没噎死他,也没臭死他,他差点被他爹打死。我心里反而平衡了。班里的同学们除了狗花和胖妞,再也没有别人敢对我和二篮说话的了,就连收作业的学习委员翠芬都躲着我俩,我想交作业都不敢收,我俩的自尊心被同学们不断的践踏,一个明媚的午后,二篮忍不住了,“以后你们在再背后议论我和杨伟,我俩就死给你们看,”“好啊好啊”更不是老师拦着,我估计二篮真能拉着我在跳一次化粪池。",144,"
杜六大人
"
,2,"


因为平时车钥匙和大门钥匙都挂一起，早上起床急着去分店，拿着钥匙就准备去开院子的大门，开了半天门都打不开，没错拿错钥匙了。还没完，等我到总店门口要开车的时侯瞬间懵了，我拿着的是大门钥匙……(￣o￣) . z Z

",260,"
我就是蓝莓
"
,33,"


老师:小明你来说说七大洲？",2089,"
微笑海洋鱼。鱼
"
,9,"


很久以前，有次我电脑坏了，因为我是电脑白痴，我朋友给我介绍了一个高手来帮我修电脑。",412,"
音符℃
"
"
哈哈哈，亲爱的乖乖睡觉，吃饭我叫你
",87,"


周末休息在家，吃完早点，外面下起了雨，跟男友撒娇：“下大雨了！”  男友说：“太棒了，亲爱的，赶紧钻回被窝，听着雨声，睡一天，多惬意！” 说完二货把窗户打开，被窝铺好，把我放床上。 我问他：“你不陪我躺会？”  二货挠着头：“不了，你自己惬意，我打会游戏！”",2789,"
狸土豆大人
"
,1,"


我没有说谎啊。。干嘛骂人！！

",184,"
日邢一珊
"
"
对着偷人一鞠躬，二鞠躬，，
",6,"


早上路过某镇，饥肠辘辘的去路边买早餐 ，老远就直呼老板，来两笼叉烧包，接连喊了几声都没反应，我火上来了，骂骂咧咧冲过去，才发现人家在办丧事，搭了那种简易大棚，一群人披麻戴孝的瞪着我...

",91,"
对方正在偸人...…
"
,6,"


可爱

",93,"
不要躲猫猫
"
"
妹子太单纯了，居然没发现楼主是只色狼
",25,"


医院输液，一护士妹妹突然问我：哥看球不？我瞄瞄护士妹妹的胸，忙不迭的点点头：看，看……",3249,"
道士下山会女神
"
"
咆哮管啥用？有本事把手里的扔出去
",17,"


昨天傍晚和媳妇女儿，我抱着八个月大的儿子去燕鸽湖散步，媳妇看到有给鱼投食的，这婆娘就和女儿拿着儿子吃的小馒头不停的扔给鱼吃，扔的剩十几个小馒头的时候，看到我愤怒的眼神说：孩他爸，我把鱼抱上，你投孩子再喂会鱼。我咆哮了～～

",596,"
徘徊的老鹰
"
,0,"


这个枪托是插入式还是螺纹式？

",189,"
牛飞了乐
"
,0,"


来，喯一个，还是你最好

",251,"
小白吃面包
"
,6,"


我感觉过得机会来了，今天中午在车库看到的。一窝。。。野猫生的，。。

",102,"
中国好蜀黎
"
"
别发帖子了，她现在是我的人了，哈哈哈
",21,"


出租车司机一枚，今天送老婆去出差，半路上老婆要上厕所，我就在车上玩手机等，过了一会有个男的过来问：“师傅，走不走。”",890,"
会武术的猴子
"
"
然后，顺便扛一下大米，还有那几桶油，都交给你了
",38,"


昨晚酒吧里看球，男友和哥们扳手腕，男友连输三局，他哥们耀武扬威的，我气不过，撸着袖子就上去挑战了，连扳三局，男友惊的目瞪口呆……",621,"
(糗名昭著)~魅儿…
"
,4,"


神评就是标题

",177,"
小木单子人
"
,0,"


这样的时尚我不懂，我可知道不如干脆穿开裆裤

",200,"
段子傻妞也
"
,2,"


举报一种食物，驴肉火烧，在北方的相信差不多的都吃过，驴肉火烧大家吃到的基本不是驴肉，运气好的驴肉掺杂其他的动物肉，用的最多的是猪肉，是猪肉也就罢了，有的是狐狸肉，貉肉，老鼠肉或是他们都不知道是什么肉。无良的商家把各种肉用香精卤成驴肉味

",86,匿名用户
"
添直了还进不去的话，就得把毛头给绞了
",44,"


偷来的图，能过吗？

",1900,"
收破烂\\\…
"
,5,"


在网上买了个充气女朋友，卖家承诺保密做的很好，没有商品名称。",541,"
当然原谅她啦
"
,0,"


、这是什么意思

",213,"
习习惯着你
"
,0,"


教你如何让女票不干扰你玩游戏

",178,"
有趣精选
"
,268,"


真事：我表姐开一辆比亚迪汽车，被拉煤的大货车撞飞，车翻了3个跟斗，车都报废了。当时表姐直接从车里爬出来，拉着货车司机给她赔车，我想说表姐你怎么那么在乎车呢。我表姐居然没事！

",10008,"
小小虾米和小小吉吉…
"
"
这只是一个癞蛤蟆精。
",20,"


内科医生一枚……这几天颈椎病犯了，但是特别忙没时间去做推拿，中午的时候请同事给我背上打了几个火罐，坐在办公室打着赤膊觉得不雅，于是罩了一件宽大的白大褂在外面。",1601,"
萌萌哒的泡老头
"
"
楼主的丑,连自家老爸都看不下去了
",29,"


…下班回家，看到看到老爸带着老花镜看手机，，我心疼的说“岁月不饶人啊，看我爸这么炯炯有神的眼睛也沦落到戴老花镜了，，”",1386,"
萌萌哒的俏贝儿
"
,4,"


和女朋友分居两地，我买了条拉布拉多，起个名叫“各忙”，暗示着我们各忙各的，养条狗就不觉得太孤单，然鹅，每次去遛狗，总被狗友说成“个毛”，现在叫它各忙，他不理人了，怎么破？

",244,"
孟婆原是痴情人
"
,1,"


只看不发真的会掉人品？",65,"
拉瑟尔
"
,3,"


看看这是啥？

",70,"
好一二三
"
"
如日中天就是中午，又是中午又是夕阳，你的世界怕是有好几个太阳吧
",11,"


如日中天 夕阳下，残破的小镇内，一名迟暮的老者看着面前倔强的少年，失望的问道: “你为什么要来。” “我为什么不能来？” “你本来就不应该来。” “但是我依旧还是来了。” 夕阳如血，老人的目光中突然闪出一道厉芒，直视着面前的少年，少年也不甘示弱的直视着他。 良久…… “说吧，你来干什么！”老人见少年如此强硬，便不再追究，只不过语气十分不善。 “打酱油！”少年也不甘视弱，语气也十分强硬。 “打多少一瓶的？” “打一块一瓶的。” “打多少？” “打一瓶。” ………………………………………………………
…
",398,"
Ｍｍ　萌╮
"
"
金鱼:    劳资要告你们谋杀我
",32,"


花鸟市场，看到有条小金鱼翻着肚皮飘啊飘，对老板说：“你这条鱼死了吧，肚皮都翻了…” 老板解释：“没，没死，这鱼就是喜欢翻着游”说着丢了几颗鱼食，那条金鱼立刻翻过身来，去吃鱼食。觉得有趣，便卖下来了放办公室养着！",2064,"
狐地瓜大人
"
,3,"


今天中午过了12点，我在义乌篁园路这边，当时我肚子一阵颤动，我知道它是在提醒我该吃午饭了，我经过深思熟虑（一秒钟的深思熟虑，我就是想吃），我决定吃肯德基，对就是有香辣鸡翅的那个肯德基，我拿出了我的法宝——手机百度地图，愉快的输入了肯德基，小地图上出现了N家肯德基，我一看最近的也离我一公里，我的内心经过激烈的斗争，我对小鸡翅的热爱明显打败了距离，我怀着愉悦的心情，顶着正午12点的骄阳走了30分钟走到了肯德基，当我开心的拉住他家的门把手的时候，笑容渐渐从我英俊的面容上消失了。。。。我特？关门了？逗我
…
",266,"
影子恋阳光
"
,0,"


天气炎热，早上凉爽，最佳睡眠时间！",305,"
老而不死可为妖
"
,16,"


苦逼的石油工人

",272,"
弹无虚发/
"
,10,"


当年我和我姐坐车去我姑家  那会都是坐绿皮火车 人特多 我感觉有人摸了我屁股 那会小 当时没敢出声 下车的时候我和我姐说 刚有人摸我屁股 我姐说 放心 他只是想摸你口袋里的钱………

",754,"
ASA夏天
"
"
我种过还真能活
",3,"


有一次在班级里犯错误了，老师要我买一盆花，恰好这天晚上我们家吃菠萝，我把吃剩下的菠萝叶给种到盆里拿到学校😂

",549,"
你若、我若
"
,0,"


老爸是个篮球爱好者兼足球爱好者。老妈对足球和篮球完全没啥概念。一日在饭桌上，老爸抱怨天天运动，还长肉了。老妈说：“你那个叫什么运动，站在那里，动都不动的!”老爸说：“你不懂就不要乱说，我打篮球是后卫，我踢足球是守门员，你叫我跑哪里去!”在老妈的眼刀下，老爸说：“特殊情况，守门员也可以去踢球的!”

",80,"
那谁一期一会
"
,9,"


认识一朋友，一个以前经常被欺负被侮辱的屌丝怂男穷男弱男，他以前还被人打哭过，没想到现在居然找到了一个混社会的女朋友[大哭][大哭][大哭]，这就是真正的爱情吗？没天理啊……这下没人再敢欺负他了，我也不敢去随便开玩笑揭短了……等下一个不小心被他女友打残了……只希望他好好珍惜这个社会女，他的自尊都是女朋友给的，他敢分手我就让他过回以前的日子，再一次尝尝被人打哭的滋味[挖鼻孔][挖鼻孔][挖鼻孔][挖鼻孔]

",320,"
红尘孤客2016
"
,5,"


上周日女友说来找我，我中午12点多给她打电话居然还在睡觉。等她三点多终于来了还不停的打哈欠，我说你昨晚干嘛了，是不是泡吧去了，他说放屁！我讶异道，放屁放了一晚上？床受得了吗？？？

",237,"
老王隔壁家的大爷
"
"
发音不包准.....
",9,"


昨晚出去溜哒。一个三、四岁的小正太向我跑来，一边跑一边喊：你死了，你死了……",504,"
晓糖浅尝～
"
"
然后，闺蜜把你刚隆的胸戳破了
",17,"


和闺蜜在家比手劲，俩人掰手腕！突然闺蜜一声大叫：啊～，瞬间她手上一用力我被她打败，闺蜜高兴大叫：耶 ！",511,"
醉酒舞剑砍疯子.
"
,7,"


我今年27了，相貌自信还可以，个子也不低，家境也不错。有一天我问老妈为什么我对别人说我是处男，别人都不信？老妈无奈的叹了一声：完蛋了，这闺女嫁不出去了。

",132,"
这个西瓜咸了
"
,0,"


哈哈哈哈哈哈

",112,"
我是你大爷2015…
"
,11,"


这品味，我也是醉了

",283,"
江湖滚刀肉
"
"
嫂子套路深，哥哥很伤肾！
",38,"


哥嫂打起来了！",1136,"
(糗名昭著)~魅儿…
"
"
听这话就知你闺蜜缺干！
",25,"


大早晨的闺蜜就熊猫眼找我：亲，我不行了，一夜没合眼，家里养的宠物太粘人了，我一躺下它就想干我，，，",568,"
醉酒舞剑砍疯子.
"
,0,"


妹子的尴尬可想而知

",193,"
偷惢
"
,2,"


记得那是大一的应用文写作课，我是课代表，大家平时积极性都不高，经常点我来做示范，这是故事背景。",248,"
再睡五分钟3
"
,4,"


我：好心塞啊",76,"
22￥￥22
"
"
楼主不要脸，夸自己年轻呢
",14,"


穿着一身很卡通的衣服等公交车，过来一个男生跟我搭讪：美女你好，能加个微信吗？",522,"
王云（笨笨）
"
"
这么可爱的侄子，所以好想抱抱他姑姑
",14,"


带侄子跟我一起去洗头，打理头发时发型师说我有几根白头发，可能是少年白吧。侄子听见了接话道：“才不是少年白，我姑姑都这么老了当然会有白头发。”

",518,"
狸土豆大人
"
,1,"


（相声段子）于谦和刑警队长挺熟，哪回出现场都跟着去。有一回去了，现场惨不忍睹，尸体都肢解了，东一块西一块。队长说：于谦，这个你怎么看？于谦说：我认为是自杀。。。。

",178,"
帅不帅，胎里带
"
,0,"


什么情况？

",183,"
小白吃面包
"
,9,"


lz工地男，甲方老是没钱，工人没钱就不干活了，还开个这么大的盘，我特么就想早点回家陪陪媳妇儿，哎，这种苦只有跑工地的人才明白

",104,"
我找你有什么事？
"
"
楼主长嘘了口气，对，没错，就是狗把驴吓到了
",8,"


小时候家里有条狗叫二汪是我童年时候最好的玩伴，但是狗渐渐长大了家里就把他栓起来了怕到处跑惹事。有一天家里没人我就把大门先关好然后偷偷的把狗放开了这货一放开就到处乱跑乱跳我打算带他出去转转可是我喜欢的动画片开始了我就进屋先去看动画片然后再带它出去，没想到这货在院子里到处跑到处钻一不小心掉茅坑里了幸好不是太深这货又爬上来了 ，就在这时出差几天的爸爸回来了一推门被惊呆了，爸爸愣了几秒钟打算悄悄的退回去把门关上此时二汪已经发现了我爸爸，蹦着跳着窜了过去，当时的画面难以形容，只知道二汪被揍得很惨 不过我还
…
",423,"
爱玩屎滴阿拉蕾
"
"
这个妈妈的教育方式挺好的
",9,"


地铁上，看见一个小男孩在吃东西",528,"
包袱侠
"
,9,"


今天发现老公有私房钱，在一个理财软件里存着，不用钱的时候就把软件卸载，用钱的时候就重新下载好，家里有wf也方便，不到一分钟的事。我翻他手机发现个没见过的软件，一点就进去了，看到里面的资产（大的钱好像才叫资产，反正就是有不到2万的钱），每天还有几块钱收益。也估计是忘记卸载了，被我发现。我没有发作，假装不知道，在心里谋划着。。。。。

",317,"
伊伊wan
"
,6,"


转载：我和男票一起养了一只狗，我俩都特别喜欢，有一次我俩吵架，他得有一个月没来我家找我。一天他终于主动给我打电话了：“那个啥，一会儿我去你家找你哈！”我也不是那种得理不饶人的人嘛：“死鬼，哼！你终于舍得来看我了啊！”谁知那货说：“恩，我就是想去看看狗！”我一脸黑线愤怒的挂断了电话……

",337,"
百花阁~牡丹
"
,0,"


一句话不割，，，，我在梦中和女神抱着睡了一夜，什么都没有发生。做梦也没发生

",98,匿名用户
"
就这一块钱，还是从别人忘了拿解锁购物车的眼里扣出来的
",12,"


老妈去超市买了很多东西。回来后，她把10多袋大枣塞给我说：闺女，多吃枣，补气血。",2025,"
晓糖浅尝～
"
"
重发帖，看过的勿喷
",14,"


上大学时，老妈教我：在宿舍要轻手轻脚有素质，夜里别说话吵醒人家……",576,"
(糗名昭著)~魅儿…
"
,0,"


形象不？哈哈

",226,"
许诺的蛋糕
"
,0,"


我的评论不会错！！！

",215,"
紫启东来
"
,2,"


头一次看到这么多标志的标志车，好标志啊！

",83,"
雪飝
"
"
当年，楼主不舍得娶老婆，楼主老婆白白让别人玩了几年
",17,"


当年，舍不得买空调的，几年后熬不住还是买了，白白热了几年。当年，舍不得买手机的，几年后熬不住还是买了，白白错过几年的乐趣。当年，舍不得买房子的，几年后熬不住还是买了，白白让每平方涨了好几万。

",507,"
笨才爱傻才乖
"
"
已验证 假的
",85,"


这样的老板也是醉了[嘿哈][嘿哈]

",3761,"
高调的小新
"
,0,"


你蹭什么呢？～

",206,"
绦子
"
,0,"


老公说今天你过生日，我专门学会首歌唱给你听，一听特别激动，他不怎么唱歌，还专门学了一首，都做好唱完要好好表扬他准备了，结果一开口“两只老虎……”无语了半天，还没等我开口呢，他又说你不喜欢听是吧，我还有个唱的更好的“，女人是老虎”又开始了，[捂脸][捂脸][捂脸]扎心了，你这是想暗示我什么……

",67,"
地狱中的魔鬼7
"
,4,"


看见大师了，手拿爱疯6  犀利的小胡子

",88,"
CAOSHIDA@…
"
"
唉。但愿世间人无病。宁可架上药生尘
",60,"


[拥抱]现在的医院啊，",1945,"
多多小主666
"
"
那女的有病，双重人格分裂障碍暂时性综合失忆症
",17,"


孪生妹妹......

",563,"
这个头像真的不错
"
,0,"


国际甄嬛传

",138,"
小白吃面包
"
,0,"


世界杯的精神是什么？就是以裤衩打破体育之界线！@青红造了个白

",154,"
李行道
"
,2,"


有谁的初中单纯过呀？？我读初中的时候从初二开始全年级就流行了写信纸，纯友谊，持续到高一下半年，初中哪会儿写信不管是男生还是女生只要关系好，我都会写信表达自己想说的话哪怕是嗑家常！后来认识了我女同学的弟弟，我跟他关系挺好，两个人经常通信纸讲闲谈，那次初中毕业中考的最后一个晚上，他塞过来一封信没说话他就走了，我回到宿舍一看，就一句话：“杨，我爱你，爱你死心塌地！”我去，，，顿时震惊，我那时候根本就不知道什么叫喜欢，后来读高中的时候被我拒绝过，有次他姐姐结婚我去了他家，很多年没见面见到了好尴尬，没说几
…
",90,"
安朵的猫
"
"
这才叫亲兄弟！赞👍
",30,"


什么叫亲兄弟",628,"
玩的开心就好了
"
"
卧槽，楼主老婆是孔雀精
",22,"


楼主一家去动物园，女儿碰巧看到孔雀在开屏，她看见孔雀在开屏，兴奋的拉着我老婆，大叫:  妈妈快看，那孔雀开屏，跟你昨晚身上的彩色羽毛好像啊……唉，昨晚跟老婆玩情.  趣，这熊孩子突然闯入我俩卧室[大哭][大哭][大哭][大哭][大哭]

",1377,"
VIP苏夕月
"
,0,"


学会了吗？

",177,"
段子傻妞也
"
,4,"


我们员工宿舍楼有一娘炮就爱唱小女生的歌，尤其是最近他每次在澡堂淋浴时居然唱《学猫叫》，把我们宿舍几个大男人都喵的浑身起鸡皮疙瘩，然后一损友突发奇想，改编了一下歌词让大家学，找个机会恶心恶心他，",321,"
我说她是金克斯
"
,2,"


二货媳妇再次出动，这次给他剪了个桃子n

",111,"
秋爷@
"
"
看了不下十遍！我特么都没看明白你是男是女！
",22,"


遇到好几次那种出去玩，结果朋友叫了一堆不认识的。",682,匿名用户
"
不是王昭君吗？
",22,"


哈哈哈哈哈哈哈哈悟一悟啊！

",591,"
张不说
"
,0,"


今年俄罗斯世界杯简直就是网红世界杯。这张积分榜漫画可以说微妙微翘…

",195,"
搞笑动态图
"
,0,"


这拔河比赛好气派啊，有钱人的游戏啊…

",145,"
撩汉大婶
"
,1,"


感觉现在的微信简直就是一部百科大全 整天这个曝光 那个疯传 的 真他妈无聊 有同感的顶起

",95,"
临时百度
"
,8,"


文件签章，boss把公司名章递给我，让我自己盖，新刻的章子轻轻一按就可好使了，想想以前那个章子就可笑，几块钱的东西boss都不舍得早换，不由笑出了声，boss一怔:你这是没怎么当家做过主啊，以后我多给你机会！",963,"
倾心倾情%%
"
,4,"


和妹妹一家带着孩子去动物园玩，老公不小心把我手机碰地上了，捡起来一看，碎了，老公说：没事，回家换个新的…",630,"
芭芘红颜
"
"
我不信  除非你开水烫jj[doge]
",9,"


我要赶紧把京东的小额免密功能关闭了。",288,"
熙熙的爸爸188
"
,2,"


公司食堂吃饭，和其他部门的领导一桌，他下属端着碗过来说，饭打多了要不要分点，他满脸关心的说，不用不用，你们能吃就多吃点，看你们一天又忙又累的，不像我一天闲着[捂脸][捂脸][捂脸][捂脸]

",355,"
震惊策划部总经理
"
,9,"


楼主妹纸，今天下午看到妈妈戴耳机在听歌，很投入的样子，我就去拿一个塞我耳朵里听听是什么歌。听了几句，没听懂。就问她，谁唱的啊？她很干脆的回答“乌兰托娅”。我不认识啊，就接着问了一句。她一脸不屑的拉过我手里的耳机，根本没有向我解释的意思。你们以为这就完了吗？没有。大概半个小时以后，她在空间发表了一篇说说，内容是这样的“连乌兰托娅都不认识，这个low逼！”。谁能证明这是我亲妈？

",208,匿名用户
"
好心办坏事
",32,"


我和姑父正在他店里忙，突然一辆车开到他店的禁区，我姑父喝多了，冲我挥挥手，我一个会意，走到车主面前道:不好意思先生，这里不能停车，这是我们大排档的场子，请您到别处………",1582,"
（驹迷）真的爱你
"
"
矛盾转移
",15,"


这几天发现老婆心态特别好。成天乐呵呵的， 不像以前我偶尔犯点小错误，就对我大喊大叫。那天吃饭，我小心翼翼的问她怎么了。她说:这就该放暑假了，我放松调整一下，该跟比你更能惹我生气的儿子做斗争了！

",2005,"
萌萌哒的棒棒大师
"
,9,"


爱情这事儿，我认为也得靠缘分，比如在帝都的地铁上......",260,"
卡罗carol
"
,2,"


完了完了完了，眼睛越来越不好使了，朋友圈别人发的一个找翻译的，韩语翻译成韩语，内容不难，第一眼看我都惊呆了，我特么楞给看成了内容不雅。

",70,"
闻香*行者
"
,4,"


股市行情火爆，看着别人天天赚钱，老婆按奈不住了，天天磨我说她打算去炒股，我担心她把房子都赔进去，就给她下了一个虚拟炒股的软件，告诉她借了100万让她炒，一定要小心哦；因为百分百真实模拟，她一直没发现。后来她赚了五万块钱，天天高兴地计划着这钱买啥，我担心了，如果她赚了十万、二十万咋办？我怎么补这个缺口哦，告诉她真相会不会杀了我？于是天天焦虑………………直到昨天晚上她眼眶红红的和我说把我借来供她炒股的100万亏得就剩30万了，我这才长长地松了口气，安慰她说：没事，有我呢！于是我看到老婆充满泪水的眼睛
…
",83,"
123去你爹蛋的
"
"
老板成功的被吸引过来，也摸了她大腿一下
",9,"


准备开始员工大会，大伙都提前进会场。坐旁边的妹子跟我说：“我先眯一会，老板到了就叫我下！”",627,"
鱼七七…
"
"
你堂妹男票还健在？
",47,"


堂妹玩炒黄金，刚开始赚了，开心的每天合不拢嘴。这几天，黄金大跌，她心情烦闷，就约了她男票去爬山散心。 爬上山顶，她就张开双臂，希望男票玩个《泰坦尼克号》式拥抱。结果，那二货 以为她要自杀，一个扫堂腿把她扫倒，拽着她脚踝就使劲往后拽……唉不说了，我要去医院看堂妹了

",5374,"
VIP苏夕月
"
,1,"


我有一个朋友，小时候他曾经问自己的妈妈，蜂蜜是怎么来的？他妈妈耐心的告诉他，是蜜蜂用屁股酿出来的，然后他就记下了，并且约我和他一起去抓蜜蜂玩。然后他抓到一只蜜蜂，毫不犹豫的就舔了一口。后果可想而知，但正是因为这件事情，我一直笑话到现在，我承认我的笑点有点低。

",241,"
海阔天空&…
"
,6,"


都是19岁，怎么就能如此优秀

",289,"
为什么如此优秀
"
,8,"


至少五个字

",553,"
腋毛怪
"
"
多刺激，如果结婚了就像娶了两个老婆
",36,"


打游戏认识个妹子，可爱型的。",5889,"
挖鼻孔的老虎
"
"
请别拿童话故事跟孩子说道理  人需要一点童话
",5,"


这样的家长应该是很稀有了

",708,"
搞笑动态图
"
,0,"


钢铁直男了解一下。

",167,"
小钞人
"
,0,"


直男看到这把伞的时候开心地跳了起来

",216,"
许嵩的小粉丝
"
,2,"


出淤泥而不染.戳清涟而不妖

",80,"
倆个孩子的妈
"
"
我这性格就是太磨叽了！…………但给老婆交公粮时从不磨叽，总是三五分钟就完事！得改改了！[捂脸][捂脸][捂脸]
",32,"


真事。老婆回娘家十多天了，昨晚打电话说今天回来。今早6点就起床了，开窗换气，整理床单，洗漱完毕烧水（天热给老婆备些凉白开）擦桌子拖地。忙活了半小时，总算搞定了。一看时间，6：35。还不晚，又把卫生间洗手盆马桶擦的干干净净，收拾好了洗拖把，擦，怎么背上那么凉？抬头一看，什么时候不小心把花洒碰开了，淋了一身水。得，赶紧换衣服，弄完一看时间，哎呀，6:50了。匆匆拿了支牛奶，赶紧往公司赶。还好，虽说路上十几个红绿灯，总算平安到公司了！7：09。从食堂窗口拿了个包子就着牛奶把早餐对付了，上班啦！[捂脸
…
",402,"
我呸！服不
"
"
大家只关心你当晚挨没挨日！说重点好吗！？
",22,"


确实挺亏的！

",1330,"
（握咪脱服）
"
,0,"


几位是不是被渣男伤透了心！！

",176,"
窝里斗窝里
"
,11,"


看一次笑一次

",271,"
名字一个比一个长
"
,5,"


我好像突然知道了。世界上最通用的语言是什么了。就是嘿咻嘿咻的时候。女方所喊得。大神让过吧

",85,"
愿懂你心～～
"
"
所以女性朋友们，你们在男人眼里并没有你们自己想象的那么重要
",125,"


哈哈。。。。

",3261,"
日邢一珊
"
"
你应该己经撂挑子，，，？
",25,"


老总让我去办事，我顺手抓了一把他桌上盆栽里的土。老总问我这是意欲何为？我冷冷的说：“我拿点土回去煮来吃啊！谁让你不发工资啊？”老总听完脸顿时红了，他赶紧拿出钱包，左翻右翻掏出了一张名片递给我说：“去这里，他家培养盆栽的土是进口的，无任何添加剂！”

",3312,"
王八与蛋
"
,0,"


皮一下很开心！

",188,"
东临～天下
"
,0,"


女朋友可以懒到什么程度  我对象更懒 一直不肯出现 ​​​​

",132,"
搞笑动态图
"
,7,"


家里是有院子的两层楼房，院子里种的菜爱招轰炸机，这背景得交待清楚，晚上睡觉前没有蚊子骚扰，早上起来一看满腿满胳膊是包，嗡嗡声不绝于耳，抡着毛巾打得四壁溅红，那都是哥的精华在飞呀!连续几天都这样，门窗紧闭，无中生有？真真折磨得要崩溃了，今天早上打着轰炸机小姐们开始观察哪有漏洞，一只蚊子落在空调上，哎呀脑洞大开，空调联接户外的通气孔才是真正的元凶，塞住了，这个脑袋洗澡没擦干!在此提醒糗友，谁家的空调通气孔没堵住赶紧堵上，蚊子比人都有方向感!

",96,"
海上雪
"
,8,"


我哥养的狗狗生了五只小狗，才出生三个星期就有一只生病了，带去看，兽医说是治不了了，刚出生的狗拉肚子，呕吐存活率低，哥哥把狗带回家，我看着也挺难过的，就用刚从兽医那里学来的方法冲奶粉喂狗狗喝，喝几口就断气了，我就给狗狗做了心肺复苏，结果还是死了！不说了，我哥现在拿着刀追杀我呢！

",501,"
小怪兽要发威了
"
"
大家快来，这有个上厕所不带手机的[嘿嘿]
",20,"


这次我蹲坑的时间有点长，脚有点麻，我从卫生间舒爽回来后，手机在办公桌上充电，显示屏却亮着，一看，卧槽，谁给我老婆发信息说：你老公在我手上，在午时之前，给我转帐10万，否则，娃生下来你养吧……

",1160,"
花七七…
"
,0,"


爱哭的孩子易发胖#苍天啊！我究竟做错什么了啊，连哭都会胖啊！

",142,"
搞笑动态图
"
,0,"


一顿操作猛如虎，看眼战绩零杠五

",148,"
有趣精选
"
,6,"


刚出去办事，手机上叫的专车： 结果来了一辆电动自行车， 他跟俺说太堵了，这个不堵车。 …………我擦……………人与人之间最基本的信任呢？！！！

",111,"
我为自己带丝瓜
"
"
不吃多点肉，哪有力气减肥
",16,"


昨晚下班回家，看到一桌剩菜，便问老爸 : “爸，今天咋剩下这么多菜？”",589,"
(糗名昭著)~魅儿…
"
"
舌功了得
",10,"


和老公相亲认识的，问他怎么看上我的。",514,"
老巫婆～～
"
,2,"


红红火火。。

",233,"
胶原蛋白的秋水
"
,0,"


那些成精系列！

",140,"
东临～天下
"
,9,"


下班了，一个人都没心思去嗨，瞬间心情就不美丽了

",75,"
水柔宝贝
"
"
竟然对自己儿子下手
",16,"


午时，将醒未醒之际，右手触碰到一柔软之物，分作两瓣，遂用力揉之，忽闻小儿吼：爹，为何袭儿臀！

",772,"
花七七…
"
,9,"


记得我那会儿还没找对象时老妈急了，让哥想想办法，老妈:你那么多同学，同事，朋友，给你妹张罗一个！",505,"
倾心倾情%%
"
,0,"


一个亲爹。。

",214,"
梦燃666
"
,0,"


今天很倒霉，上厕所的时候，一不小心一百元的大钞掉进去了。我想办法终于拿出来了，擦了擦，还有一股异味。我想，还是花出去吧！免得在口袋里堵得慌！我买了几斤苹果，老板接过钱，说：你的钱怎么有股味道？我：那是刚才卖臭豆腐的老板找零的。老板：小兄弟，哪个老板能找你一百块的零钱？

",52,"
我是白小白吖
"
,26,"


今天我哭了。上午有个非常不错的女生来搭讪我，开口一句话，我哭了。她说：“帅哥，有男朋友没”…………男朋友。我擦了

",1901,"
Tseng弄潮
"
"
你真是亲爸吗？问喜欢爸爸还是妈妈的.......我无语，后边更无语，这孩子真不幸
",11,"


闺女今年五岁了，正是正三观的年纪。",641,"
方小夜
"
"
我不光微胖，我还微胖胖，快点告诉你朋友！快点快点，我着急
",8,"


看到哥们发圈说，要找个女朋友，可爱点，微胖一点最好。",550,"
我是你大叔呀～
"
,6,"


媳妇和我都要换手机，我没给她换，自己买了个新的用了半天觉得不爽，装作新的给媳妇用，我会被打死不

",79,"
神通大了去了
"
,1,"


实验证明：人的目光往往不受意识控制

",216,"
李行道
"
,6,"


不知道是真假？现在QQ空间和朋友圈都在转发，哪个村哪个镇被谁偷走了还有照片。天天发真的有那么多小孩被偷走了吗？那全国的警察不累死啊！

",102,"
哎哟油油
"
"
碎碎平安
",19,"


十岁那年，有次爸妈因为家里的事吵了架，妈妈脾气比较急，当时就气的跑回了外婆家。",1498,"
半截烟云
"
,8,"


跟女友逛超市，她被一个熊孩子用购物车给撞了。熊孩子一副毫无悔意的态度惹恼了女友，于是女友从货架上拿了一袋超贵的巧克力，然后打开来请那个熊孩子吃，最后把那一袋巧克力送给了熊孩子。不一会，熊孩子家长训斥其不付钱自取的怒吼声响遍了超市……

",610,"
王八与蛋
"
,1,"


娘亲喜欢追剧…",259,"
謹念-念谦～
"
,2,"


最近，小少年回外婆家，晚上和我视频，才讲三句。少年突然说：麻麻，手机没电了，不和你视频了，我得看电视了！我妈在边上来一句手机刚充完电的！！[大哭][大哭][大哭]，少年，你麻麻不如电视？

",327,"
布茶
"
,2,"


刚做13路公交回来，一块上车的有个妹子，上车后妹子就问和他一块的男的，13路过建行大厦吗，难道拿出手机查了下说不过，需要中间换车。我在旁边听见了，就插话了“过啊，我就每天13路建行大厦下”妹子听了说了声谢谢。。。。  过会公交车到了男的说要换车的那站下车了，下车前盯着我看了几眼，他看我做什么啊。。。

",105,"
笑点太低灬
"
"
同问
",26,"


闺蜜失恋了，我带她去玩游戏释放下，配置较好的vr头显，果然画质清晰，体验感很棒，这丫头一下午厮 杀的香汗淋漓，",707,"
宿舍的床
"
"
干得漂亮
",21,"


中国式老妈

",1370,"
李行道
"
,0,"


狗子才艺表演～说人话……

",139,"
DF东风-41
"
,15,"


四个月的准妈妈，前天唐筛没过，心里难受，今天做了无创DNA,抽完血医生说如果有问题会在七个工作日内座机电话通知我，让我保持手机畅通，刚刚出医院，手机响了，一看尼玛一个座机号，吓得我一哆嗦把手机甩出去了，一想才抽完血也不可能这么快呀，捡起电话接了，贷款的电话销售，当时就火冒三丈，问候了他祖宗十八代，不好笑，自己当了妈才能真正明白母亲对子女的心，妈妈真的很伟大。

",308,"
清荷田田
"
,4,"


我向祖国人民道歉，帝都空气没这么差，实在是我的烂三星手机太差

",82,"
空梦道人
"
,1,"


有一次我在拼多多上买了一双鞋，十多块，买了后我一看评论那是骂声一片，我当下就申请退款了，可他已经发货了，本以为他不会退我，但几天后鞋子到了，他钱也退给了我，我就去问他，他说运费太贵就送我了[捂脸][捂脸]

",528,"
赵福广
"
,12,"


想把搞笑的给你们分享，但是最后都是最糗的。",528,"
无语滴
"
,4,"


去朋友家海鲜加工店里玩，正好碰上客人特别多，我寻思着帮帮忙，结果忙乱之中把客人的螃蟹送错了。",305,"
半截烟云
"
,0,"


光膀子的沙僧，没有白龙马的唐僧！！

",192,"
窝里斗窝里
"
,0,"


人人都说澳门是天堂遍地是黄金，来得早的师兄都买房买车了所以我带着梦想来了，来澳后工作是新葡京贵宾厅的洗码仔也就是拉客人去贵宾厅玩的，天天的工作就是到处问人，受尽了冷眼旁观，来了快一个星期了准备出关，总结了一下过的日子比大陆乞丐还卑微，吃的比牢饭还差，有于是非法劳工见到司法还得到处躲一不留神就被搞进去罚站6小时起，奉劝广大糗友引以为戒，大陆才是天堂

",92,匿名用户
"
你终于出去了，我在衣柜里差点憋死了
",91,"


关门......

",3962,"
这个头像真的不错
"
"
怪长肉长个证明还是有用的，挨打的时候比较扛得住[doge]
",14,"


我姐最近脾气暴躁，总是发火，我想着逗逗她，指着她四个月的娃跟她说:“别生气，还要喂宝宝奶呢，你一生气，母 乳会变酸奶的！”",525,"
胖香
"
,2,"


遇到个卖茶叶的，不想走那么长的套路，皮这一下就特别开心[面瘫神]

",196,"
NL不分的三水
"
,0,"


奇葩年年有，今年特别多

",180,"
欢乐二哈
"
,1,"


暑假了，被坑的兄弟又多了

",80,"
用户不存在。。。
"
"
我公司有一个同事，仗着自己有点官衔，有事没事就去酒楼请客，其他同事好随礼，请的次数多了大家都烦了，又不好开口，最后大家商量都不随礼，直到又到酒楼一分钱都没捞着，从此，此同事再也没有请过客。
",8,"


公司刘，雅号叫抹抹，也可以叫他贴乎，同事在一块喝酒（伙酒）每回到埋单的时候他总是先编个理由走了，就是为了不埋单，时间长了，同事们烦了他但又不能开口明说他光吃不拿钱，同事们提前商议了去吃自助歺，果然他听我又要一起喝酒，他又不请自已跟着来，结果是伍拾块一档的自助歺，各人买各个人的单，可把抺抹难坏了，嘴里喊着没带钱，他没带钱，谁能给他拿上。吆呼了半天，同事们各吃自的，沒有管他的，他只好沮丧的走了。

",433,"
沃土秋实
"
"
你开的话，得起飞了
",9,"


闺蜜刚提了新车硬是拉着我兜风，一路上开得风驰电掣，吓得我的小心脏扑通扑通的……",503,"
老李家掌柜的
"
,1,"


大家说，给不给过

",383,"
都被人注册了呢
"
,0,"


你有过这种坑室友吗？

",170,"
许诺的蛋糕
"
,16,"


老婆送了块表，不知咋样，友友们谁认识

",59,"
斯琴哥曰了
"
"
最新版的人不如狗 不过 这版本的 是自找的 活该！
",4,"


晚上牵着狗出去溜达了一圈，回来时那傻狗不管我怎么拉怎么拽就是不走，无奈只好自己一个人上了四楼，拿钥匙开门时才发现走错了单元[捂脸]",666,匿名用户
"
真丝若能换真情，再多两千又如何！
",33,"


和婆婆去逛商场。婆婆试了一条2000多的真丝连衣裙，她似乎很喜欢，但又犹豫。导购：阿姨，您长相富态，穿上这条裙子很显气质。",2255,"
晓糖浅尝～
"
,0,"


把一枚硬币放进可乐里，你绝对想不到会发生什么事 ​​​

",181,"
云和海
"
,0,"


好基友的配合，完美！

",206,"
欢乐二哈
"
,4,"


如果你见过，说明你也来过乾陵，

",77,"
撩人心怀
"
,33,"


姐姐我告诉你们什么叫好男人。我一直以新婚之夜见红为傲，男朋友知道以后，虽然现在同居了，一直对我特别尊重我不勉强我任何事。昨晚男朋友非要撩我把自己撩硬了，然后我睡觉了他在一边鬼哭狼嚎，最后憋回去了。

",518,匿名用户
"
要是希特勒还活着  今天韩国就没了[惊讶][惊讶][惊讶][惊讶]
",97,"


我以为足球跟我没什么关系，但是……

",5187,"
示陭
"
,0,"


嘴巴嘟嘟，我嘟的最美

",136,"
许诺的蛋糕
"
,2,"


原来如此哈哈哈

",207,"
小钞人
"
,45,"


关于这回股市的心理历程：这次的心态历程很可能像清未穷人家的孩子要进宫，一直犹豫要不要割，从五岁考虑到十五岁，看别人家割了的已经过上好日子了，终于在十八岁这年想通了，一刀下去，旁边人告知：中华民国成立了！

",4091,"
木头玉溪
"
"
老公接着说:其实你光膀子都没事，没人知道你是女的。
",26,"


坐在瑜伽垫上刷朋友圈，看到条动态说:天气炎热，告诉大家一个秘方，买水果在地摊上买，趁老板娘装水果时，可以一目了然[嘿嘿]",738,"
百毒不春
"
"
为什么没人注意修正液和橡皮在一起后，为了不让橡皮受伤，修正液一直在掏空自己的身体
",33,"


也许是的吧

",515,"
万小美
"
,1,"


我高中时有个语文老师，男的，平常打扮的非常风骚。天天穿紧身牛仔裤，外套从来不系上，还带个墨镜，就像曾经的香港舞王一样 。",249,匿名用户
,0,"


猪肉现在多少钱一斤？

",134,"
小钞人
"
,1,"


同学聚会，都在吹牛。标准割。谈到股票了，甲：扔进去五百万套住了！乙：拿了两千万补仓！丙：老婆背着我买了六千万基金赔了。最后有位同学实在看不下去了，拿起手机说：爸，忙着吗？你吃完午饭把沪市大盘拉起来吧，我几位同学赔着呢。

",86,匿名用户
"
看来都爱“长舌妇”，不喜欢“短舌男”，，
",12,"


陪女友逛街她莫名其妙的问我怎么与前女友分的手？我回:前女友是姑妈给介绍的，见了面去她家，当时来了好多人。",603,"
墨海烟云
"
"
特么，我是那免费的呀！
",59,"


表姐生了二胎，我发了六百红包，出了月子，表姐打电话叫我去吃饭，我打车过去，竟然是家自助餐厅，门口还摆着促销牌：69一位，十人同行，一人免单！",3966,"
萌萌哒的宇宙第一美…
"
,0,"


作为一个瑞 士人，身上带把刀不很正常吗？

",207,"
窝里斗窝里
"
,0,"


说得都对，全来报土木工程吧！

",178,"
东临～天下
"
,18,"


刚教会小侄女用眼睛凶人，够萌不？

",732,匿名用户
"
哈哈，楼主先把裤子提上再说。
",2,"


昨天下班挺晚的，想着大晚上的一个人开车回家闷得慌，不如带个顺风的聊天解闷还可以省点费用。刚好有个比较顺路，电话联系顺利上车，这个人比较老实，也不说话。我也不好意思，打开音乐就开车了。因为地方比较熟悉，就没开导航。谁知道他睡着了，半天没动静我也给他忘了，直接回到我家了，停好车去后备箱拿包，还有前几天下雨的雨伞。这时候他醒了，可能也比较迷糊，以为我拿的雨伞是匕首，拉开车门就跑，边跑边喊：大哥，这拼车可是实名制呀…",416,"
半块儿砖头
"
,6,"


你想不想过好日子[哀怨]

",729,"
彭博4
"
,6,"


这是哪的宿舍？

",131,"
日邢一珊
"
,0,"


这位p图大师的脑洞有点大啊😂

",178,"
偷惢
"
,1,"


大学放假了，几个发小在一起聊天，不知怎么滴聊到没坐过飞机，这时另外一小伙伴语出惊人到，没坐过飞机还没打过飞机吗？他是不是也是组织的

",129,"
逐鹿中原，
"
"
花盆都端走了，难不成丈母娘也搞定了？
",9,"


今天去表姐家吃饭。她老爸说“养了二十几年的花，被一个叫女婿的混蛋，连花盆都端走了”。

",548,"
笨才爱傻才乖
"
"
钱才是最可靠的。钱都能买命，没钱别指望医院会拯救你
",23,"


钱是万能的吗？回答：是！！！！  💰能买来时间吗？可以。美女，加个钟！！！钱能买来健康吗？可以。约个美女跑跑步，晚上去桑拿做做按摩泡泡脚，都是对身体有益的。钱能买来爱情吗？可以。美女，这有一千万，去领证吧，我想全世界百分之五十的女人会同意。钱梦买来快乐吗？可以，全世界游玩一趟，估计啥烦恼都没了，澳门赌场里大玩特玩三天，自己叫啥都会忘记。。。这就是金钱的魅力

",861,"
晴天那个白日
"
,6,"


刚刚有个傻逼问我这个能不能拿诺贝尔奖，我他妈看了半天，这真他妈的有点道理啊！

",199,"
痴心人，忘情鬼
"
,0,"


男生和女生摔倒的区别。[哈哈]

",112,"
追逐未来的日子
"
,0,"


至少五个字

",74,"
蒽雅可可
"
"
看来腿太长了也不好～
",109,"


闺蜜手机没拿稳掉地上了，屏又一次碎了，看着她心疼的样子，我嘚瑟的说：看看我的屏，摔了不知多少次都没事。",5150,"
乖小孩汤汤
"
,5,"


送货途中，路边大小两只狗一前一后地走着。儿子深有感触地说：“狗爸爸带小狗就是不一样，只顾自己都不管小狗的！”我老公在旁边叹了口气：“儿子，你有没有想过这可能不是狗爸爸，而是狗妈妈呢？”儿子瞪了他一眼：“那更是狗爸爸不好呀！让狗妈妈带孩子出来，自己说不定在家睡懒觉呢……”老公：……",713,"
我家熊孩子不熊
"
,0,"


老，，老裆易撞？

",176,"
欢乐二哈
"
"
[捂脸][捂脸][捂脸]这下这五块钱你得想一年了！
",12,"


上了公交车，把钱包兜里都翻遍了，愣是没个硬币，最小的也只是5块的，愣神呢，后边的人开始催了，司机还在看着我，为了面子，咬牙一跺脚，投个5块的",351,"
（驹迷）真的爱你
"
,2,"


谁有我糗！今天台风。没上班，中午表弟叫我去他家吃饭。打了个摩的到他家楼下，身上没零钱给了张毛爷爷，司机在找零，我那着钱。这时旁边有个极品MM经过，我正看的入神！突然一阵狂风刮起！旁边的人都吃惊的看着我！我当时想难道时我太帅了！这么多人看！这时司机说了句:小伙你的钱被风刮跑了！我回过神来！钱一经飞的老高老高了！……………

",112,"
取什麽明字呢
"
"
这好像不叫失眠吧
",75,"


连续失眠了半年了，怎么办？自杀的心都有了，每天早点12点多起床，晚上要到凌晨四五点才睡着，工作都没有了[大哭][大哭][大哭][大哭]

",513,"
CG随风F
"
"
贱人就是矫情
",10,"


班里有个女汉子，有次我来大姨妈时没带面包，她怀着古道热心的光明正大的传给我了，光！明！正！大！我想我终于明白脸都绿了啥意思了，要不然为森么周围的男生都露出想笑死憋的表情。（我平时都表现的像个文艺妹子，要不然我定会向她竖个中指！磨牙。）

",536,"
桃颜
"
,0,"


爸爸带孩子日常！

",145,"
东临～天下
"
,0,"


哈哈哈，现在真的非常喜欢容嬷嬷

",196,"
有趣精选
"
,3,"


能别让我一个人奋斗了吗？真的好累，

",74,"
我是你的小南哥
"
,25,"


今年生意难做，公司经营不下去。欠了一屁股账。被催账逼的没办法去一个偏僻郊区做事。晚上叫一份外卖，外卖小哥竟然是我的债主[大笑]，他也是被逼无奈回不了家。现在我们俩个喝着老村长就着炒面花生米[哈哈]

",911,匿名用户
"
脑子进水了[奸笑]
",34,"


天气炎热，路上买了瓶饮料找了个阴凉地打开连喝几口，透心凉，心情也渐渐平静…拿着瓶子忽然想看看出厂日期，找了半天没找到，不会是在瓶底吧？倒过来一看，卧槽，饮料撒了一鞋…～

",1321,"
绦子
"
,0,"


生而为人，不能窝囊一辈子，总得做件让自己骄傲的事情，于是我决定倾尽我毕生的财富去资助一个穷山沟的学生，这学生也懂得感恩，常与我书信联系，这不，今天又来信了：叔叔，阿姨是不是一直在克扣你的零花钱，要不就算了，别资助我了，看到你夹在中间为难我也很难受！再说了，你占着资助我的名额，又没有实际意义上的资助，每月这三块五块的也实在不好干啥，我想换个给力的人，要么换个阿姨，要么换个真爷们儿！

",36,"
萝卜喂
"
,0,"


妹子，你这是买一赠几啊[惊恐]，也亏了你瘦啊[捂脸]尴尬不尴尬！

",176,"
撩汉大婶
"
,20,"


女汉子一秒变女神，朋友照别顶太高，我怕被打死！

",137,"
此時迷戀彼時恨
"
"
医用酒精不可食用。小朋友说完最后那句，楼猪直接抢手术刀切脉了。[如花]
",9,"


昨天一个朋友失恋了，喝太多酒走路时候摔倒磕破了头，我们几个带他去医院包扎。护士拿来半瓶酒精，回头又去拿其他东西。我朋友看见那半瓶酒精二话不说拿起来就往嘴里灌，我都看蒙了，赶紧给他抢过来，并劝他想开点，身边的小侄子说，叔叔你还这么年轻为什么要谈恋爱呢，你应该趁着年轻好好玩几年，那样以后你结了婚就不会后悔了，说完递给了我朋友一块巧克力。朋友想想觉得熊孩子说的很有道理，吃了一口巧克力，问小侄子这巧克力挺好吃的，什么牌子的？我小侄子说我也不知道什么牌子，这是我女朋友送我的。

",646,"
黑袍大阁阁
"
,14,"


刚刚，就在刚刚我让老家大表哥给我快递的（榛子）到了，结果上面明晃晃的写着棒子俩字[汗颜]快递员问我为什么大老远的从黑龙江邮棒子到江苏，我仔细想了想说到。打人还是老家的棒子拿着顺手[挖鼻孔][挖鼻孔]

",1602,"
痴鑫绝对0
"
,3,"


谁说脱裤子放屁是多此一举了！拉出来打十板子，话说是这样的，昨晚吃辣椒有点多，还吃了冰镇西瓜，今天肚子总是不太舒服，隔一会儿就有大的感觉，去厕所脱裤蹲坑，嘣，嘣，嘣，几个响亮的号角放完就没感觉了，这光打雷不下雨的效果折腾了我好几回，每次2秒不到，但每次又不敢不脱裤子蹲下，实践证明，老话也不一定靠谱啊，同时也体验了一把占着茅坑不拉屎

",145,"
耂廾屴
"
,0,"


嫁鸡随鸡，没毛病！

",176,"
欢乐二哈
"
,6,"


现在开始拍卖，姑凉们好货不多啊，机会难得……

",83,"
想个名字真难啊啊啊…
"
"
老四叫火渣，老五叫土渣，老六叫煤渣
",9,"


睡前，给女儿讲故事…阿紫，今天给你讲《封神演义》中的哪吒闹海。在商朝有一个地方叫陈塘关，陈塘关里有个人叫李靖，他有三个儿子，老大叫金吒，老二叫木吒。老三叫…我知道我知道老三叫水吒。

",579,"
荆轲刺秦王100
"
"
没有错，叔爷你有啥事你说吧？
",23,"


发个昨天下午真实的事。周末带着六岁的儿子去我爸妈家玩，儿子在床上摆弄我爸的手机，这时候有人打进电话来了。",3512,"
忧思难忘～～
"
,2,"


黑色星期四😔

",242,"
豌dou
"
,0,"


12345

",79,"
熙①号
"
,2,"


酸甜排骨搭配酸酸的蕃茄汤，爽

",72,"
糗事清风明月
"
"
没有什么事是一个冰激凌解决不了的，如果有，那就两个冰激凌
",8,"


转载：在大街上听见一个小男孩和一个小女孩说话。小男孩：“我给你一个冰淇淋，你和我一起去玩吧～”小女孩：“哼，我才不会为了一个冰淇淋跟你玩的！”小男孩：“两个！”小女孩：“那你等一下，我回家拿玩具。”

",1804,"
百花阁~牡丹
"
,12,"


单位新换了办公室主任，近乎苛刻的各种节俭……最近发现卫生间厕纸经常不到下午就用光光，告诉保洁大姐放纸，尴尬答复:主任吩咐男、女厕（各两间）每天只放一卷厕纸。此后每到下午，大家都不约而同的去楼上卫生间……因为此楼层厕纸永远不会断供，都是大头头！

",670,"
鱼歌浅唱
"
,0,"


额。。。这个账。。。。

",95,"
日邢一珊
"
,8,"


都说一孕傻三年真是没错，我最近这记忆力也不行了！刚拿起来的东西转手就忘了，然后满屋子翻箱倒柜的找！老妈就念叨我“你说 你还能记得啥？” 我：你说嘴巴嘟嘟 嘟嘟嘟嘟嘟......”

",369,"
林晓九
"
,1,"


第一次发刚看到个兄弟发了个白的！这是我家二货买的！

",75,"
疯癫や的男孩
"
,8,"


教儿子说妈妈好漂亮，老公在旁边来了句不能教孩子撒谎

",537,"
誰先變ㄋ
"
"
都不是好东西  没钱还赌
",37,"


一哥们跟他媳妇闹离婚，几个哥们去他家看看啥情况！！大概内容就是，他昨天单位有事儿，借同事钱给媳妇转了三万，让她帮忙买德国赢，结果她媳妇误操作买的韩国。。。白天吵的不可开交，晚上一下赢了三十多万，又喜极而泣。。。她想给自己弟弟老家盖房用，他想买辆车改善生活。。。两口子为了这钱已经撕破脸了。。看着满屋狼藉，众人真不知道怎么劝和了。。。

",1336,"
林斯托洛夫贩子
"
,0,"


艺术大师们都是如何运用光线的？

",176,"
有趣精选
"
,10,"


现在的老人都这么不要脸了吗？刚刚在超市买荔枝，在选的时候，旁边有一男一女两老人，那男一边选一边吃，吐的核就吐地上，全程没有停过嘴，大概选的有一斤多，吃了有半斤了吧，因是小超市，过称后袋子没封口，又回来抓了一大把进去，狐臭还超重，臭不可闻，真是不要脸了！超市员工侧目！

",440,"
丑姐姐
"
,3,"


又下雨了，，，，

",100,"
～搁&浅～…
"
,2,"


【】周末跟我爹出去玩，途经一条不宽的沟，我爹一迈而过，而我迟疑不前。",532,"
荆轲刺秦王100
"
"
你这人不行，哪像我，跟媳妇恋爱第二个月就被收缴全部财政大全，哪有这么多烦心事
",5,"


看过一篇报道，说一个女人对你的爱深不深取决于看你喝醉后的反应。",507,"
二十七度可乐
"
,2,"


不要骂中国男足了，不喜欢的可以滚，我先滚了哈。。。

",89,"
确认过眼神0
"
,2,"


今天有一个同行来拜访，教我同事用APP网站，让他自己操作，就说随便试一个，日期就写今天的，结果我同事在日期那一行写了‘今天’两个字，然后同行看到，沉默了两秒，说是写今天的日期，😓我们听了给了一个白眼[幻想]呵呵了一下，这智商没谁了！

",253,"
～小付
"
,1,"


看着不赖吧

",87,"
小伙很帅很自恋
"
,6,"


呀呀呀，一个小透明，莫名的有10个人关注了我，开心脸",394,"
河里和。
"
,22,"


进入七月，意味着四舍五入一下就是2019年了。",528,"
穿裘皮的叫兽
"
,0,"


我去！人呢！谁干的呀哈哈

",153,"
撩汉大婶
"
,1,"


现在的复印店老板，真的太暴躁了

",223,"
搞笑动态图
"
,1,"


骑了19年的永久

",91,"
美眉小姨子
"
"
皮肤黝黑，又胖又壮，胡须拉扎，猥琐下流的大汉？
",15,"


泉哥说：“年少时有个梦想，以为人生伴侣会是一个貌美肤白、身材高挑、长发飘飘、气质出众的美女。万万没想到，梦是反的。”

",510,"
喝咖啡就蒜
"
"
猪蹄可以有效治疗，，，嘴馋，，
",9,"


庄姐说:你这感冒挺严重啊！",560,"
倾心倾情%%
"
,0,"


必须系安全带啊！～

",136,"
绦子
"
,0,"


至尊VIP的洗脸方式，一般人还享受不到这种服务

",147,"
欢乐二哈
"
,1,"


我一直不明白：为什么我一个小小散户就可以左右整个股市。每当我一买入它就下跌，一卖出它就上涨，空仓的时候大盘疯涨，满仓的时候大盘狂泻，为什么手握万亿资金的庄家们就死死盯着我这几百块钱不放？

",84,"
昨天昨天小米
"
,8,"


之前在上一家公司工作的时候，老板特地从外边请的裁缝来给我们量身体，定做工装，我们就排队一个个的量，然后慢慢排队到我前边同事的时候，我这个同事些微有点胖，就听人家裁缝师傅说胸围103，腰围103，臀围103，老师傅突然感叹了一句，好像个桶……哈哈哈，我同事瞬间黑脸

",546,"
神经少年、
"
"
瞎搞……瞎逛，一字之差，决定了楼主是死是活的命运
",8,"


女同学大学毕业后留南方了！最近回来，同学借此机会聚了聚。从餐厅出来，她让我陪她走走，看看灵武城的变化，走着走着老婆发来信息问我在哪里？我回复:和女同学瞎逛呢！没一会儿电话又来了:你在哪里和女同学瞎搞的呢？

",654,"
宁夏大千食界餐饮
"
,2,"


祝你奶奶长寿

",217,"
象牙山村霸谢广坤
"
,16,"


我已经被吓蒙了 😂😂😂

",313,"
偷惢
"
,1,"


我画的，小鸟在树上飞

",73,"
拽是天性帅是本质
"
,29,"


网络兼职，刷单，就是骗子，大家不要上当，我朋友昨天刚被骗完

",507,"
给您送去保障的人
"
,3,"


玩了半月，终于回到成都，地铁安检的时候遇到的事，有个女的急急忙忙插队进去，拿上包包，提着几个购物袋拖下自己的大行李箱，匆匆就走，然后两个工作人员就喊她，诶诶诶！你站住！孩子你不要啦！哈哈

",560,"
超胖大姐姐
"
,0,"


重点在于想不想得到，还有想不想付出。

",128,"
我是可爱控
"
,1,"


门，夹一哈

",211,"
快！扶我去青楼
"
,2,"


不长 勿喷 大家有没有感同身受过 别人求你办事的时候跟你孙子一样 你屁颠屁颠的办了 办完了你就变孙子了 再等到你有事需要帮忙的时候 人家岂止是大爷 帮不帮的都是后话 那个冷嘲热讽的劲儿 呵呵哒 我相信我不是一个人

",74,"
你是那个谁来着
"
"
你但凡有点良心就提着水果到医院来看我[大哭][大哭][大哭]
",25,"


你绝望吗？

",2362,"
偷惢
"
,4,"


老爸买了点新鲜荔枝回来,最爱吃荔枝的我,迫不及待抓了几颗尝尝鲜,用牙咬开,剥去表皮,“滋溜”一声吸入嘴中,噢～好甜,老爸一脸嫌弃,老弟好奇问道:现在荔枝这么好吃,杨贵妃为什么不生到现在呢?老爸瞧了瞧我的吃相,没好气的回道:我们家贵妃没有,杨玉环倒是有一位,你瞧瞧你姐这吃相,长这么胖,还吃这么多,跟野猪抢食有什么区别?

",597,"
梦回往事·泪如珠
"
,21,"


堂姐的女儿今天五岁，不久前查出来白血病，因为需要化疗剃了光头，奶奶哄她说“宝贝，你这个发型太好看了。”小丫头说“一点都不好看，好看的话为什么别人不剃这样的发型，奶奶你这么爱美，怎么也不剃这样的发型？”奶奶默默不说话，别过脸泪已经留了下来。

",275,"
肥肥的荷兰猪
"
,3,"


我觉得自己就是一个智障",68,匿名用户
,5,"


楼主带枪的，我能说我女朋友和我分手是因为我胸部比她的大吗？

",142,匿名用户
,4,"


老婆看了一眼光着膀子的我，然狠狠的打了我一巴掌。",424,"
花七七…
"
,8,"


在餐厅吃午饭，旁边坐了俩女工，她们吃的都是凉皮，边吃边议论各自碗里的饭，其中一个说：我这里头水多。你妹的，啥叫你那里头水多，明明是你碗里汤多好不好？

",686,"
我想得美
"
,9,"


外甥今年九岁，是个挺节俭的孩子，有一次我带他去看电影，进场之前他说渴了，我就带他去超市买水喝，我指着超市里一排饮料问他想喝哪个，他嫌贵，都不要只拿了瓶矿泉水，结果……那个矿泉水是依云[捂脸]

",183,"
二凡在长春
"
,0,"


笨贼一箩筐啊哈哈哈哈，这身手就在家好好待着不好吗！

",153,"
撩汉大婶
"
,2,"


就算受伤了，我也会带领队友走向胜利！

",101,"
你妈逼你和他分手了…
"
"
旁边大姐是一股一股的往外喷的吗？
",49,"


我业余的时候喜欢踢几脚足球，踢球的时候认识了一群一样喜欢足球的人，后来就一起组建了一个业余球队。",4343,"
萌萌哒的泡老头
"
"
我是C罗，现在在俄罗斯，红灯区被人仙人跳，只要给我打500块。今晚8/1决赛告诉你赛况内幕或者放水。抓紧时间，再晚点我就赶不上去体育场的二路汽车了。
",21,"


银行：不是本人，不能办理

",1558,"
段子傻妞也
"
,0,"


有个会撩妹的老爸是种怎样的感觉

",132,"
偷惢
"
"
领导说：来啊，插插吧，反正有大把时光
",25,"


我发现近视的领导（女）每次找我谈话，都会摘下眼镜擦来擦去。",431,"
萌萌哒的棒棒大师
"
,2,"


前些天女神把网名改成“风一样的女子”，，嘻嘻，本着屌丝专有的细心与智慧，，，默默的把网名改成“被风吹过的男子”，，，，，，懂的默默点赞

",121,"
杨羊羊i
"
"
你是渣到底了
",22,"


分手三年，我依然单身，她发来一条微信：“你摸过看过我的每一寸肌肤，却唯独看不到我穿婚纱的样子。”那晚我抱着手机，看着那条微信，抽了整整一包烟，最后把这条微信截图发给了她的未婚夫。。

",572,"
还没长大的小唐僧
"
"
南方得不清楚你说什么
",43,"


哈哈享受吧

",2687,"
浅陌&1
"
,0,"


这口技，杠杠的！～

",157,"
绦子
"
,0,"


这特么就尴尬了！～

",144,"
绦子
"
,3,"


趁我不在家，偷我的衣服穿。

",102,匿名用户
,6,"


方向盘打乱了梦想，挂档挂不出人生的速度，轮胎承受不住生活的压力，挡风玻璃挡不住生活的辛酸，刹车刹不住时间的流逝，离合片摩擦不出爱情的火花 ，货箱板载不出人生的财富，后视镜看不见后悔的路途，减震减不掉满脸的沧桑，驾驶室承载着家庭的责任。愿每位驾驶人平安回家！！

",597,"
哎！哟！喂！？
"
"
大哥，自行车可以上高速？
",61,"


和前任分手，东北刚下过雨冬天，又下了雪，在高速飙到140，方向盘瞬间失控，在高速上来回转了好几圈，差点冲出高速，最后安稳停住了，我发抖的把车子开入了应急车道后，那一瞬间什么都放下了，心疼自己。

",1500,匿名用户
,0,"


青铜跟王者的差别…哈哈！

",151,"
DF东风-41
"
,0,"


拉拉爱！！

",128,"
小白吃面包
"
,14,"


哎！对象黄了，厂子效益不好，工作快没了！每月房贷还得还着！压力大阿！努力吧，最穷不过要饭，不死总会出头！

",425,"
涛涛826
"
,12,"


张家夫妇为一项家庭开支吵得不可开交，最后妻子大声嚷道，如果没有我的钱，这台电视机会在这里吗？如果没有我的钱，你坐的沙发会在这吗？如果没有钱，这套房子会在这里吗？还有呢？，，老张气哼哼地吼道，如果没有你的钱，我会在这里吗？，，

",2182,"
习习惯着你
"
"
这个事就发生在我的老家，内蒙古呼伦贝尔市扎兰屯市，九十年代初，真事！当初听到这个事
",243,"


吃饺子不蘸酱油是要坐牢的[笑哭]

",9122,"
哈喽！酷狗……
"
,2,"


进货，出货。……班上中间休息，两个风骚娘们在那儿叽咕，侧耳细听，“昨夜进货了吗？”噢，看来她们还私下里有生意啊。遂过去大声问，“你们卖啥货？看我不给经理说？”“操，看你那劲头，昨天就没出货！”两个人讥讽滴看着我。……噢，原来是这货。“看来你们昨夜都进货了！”……“滚！”…

",371,"
出水芙人
"
,0,"


没见过这么多任性的软件了，后面是不是该配个白眼儿？[我考虑下][我考虑下][我考虑下][我考虑下][我考虑下][我考虑下][我考虑下][我考虑下][奸笑][奸笑][奸笑][奸笑]

",193,"
白翅膀的黑蚂蚁
"
,7,"


太原河龙湾程闪闪老家，18年了我回来找小伙伴了，对面是豆芽家。没找到你们啊

",88,"
用户名太帅请重新
"
"
嫁了个好男人把你当娃！我也嫁了个好男人把我当妈！MMP
",9,"


我有个妹妹，天然呆的那种，平时干的蠢事太多我们已经习惯，今天偶尔听妹夫说起结婚那天的，真是让我笑到想揍她！事情是这样的，那天妹夫来家里接走妹妹后，刚上路没多久妹妹就在婚车上睡着了，快到妹夫家了，妹夫喊她让她清醒清醒，她居然说别吵我，让我再睡一会儿，正做梦呢！！！！！妹夫哭笑不得的说，你也不看看这是去哪里，快到我家了，妹妹居然回复，去你家干嘛？得了，睡蒙了！妹夫说当时真想掉转婚车把她送回去！😁😁😁😁

",498,"
一见杨洋误终身
"
,16,"


突发奇想，对朋友说：“假设有这么一条时间线：美国没有研制原子弹，盟军登陆日本本土，二战结束。15年后，美苏大战开始。感觉会是个好题材！”",548,"
穿裘皮的叫兽
"
,10,"


吃了晚饭正在一边用手机看《新三国》一边辅导女儿作业……分割线……然后老板打来电话问我在干嘛，我说在辅导女儿作业，老板哈哈笑说，那你好好辅导吧，正好我儿子比你家女儿大一岁，以后咱们做个亲家吧！老夫摸了一下下巴，悠悠说道：虎女焉能嫁犬子！老板没说话挂了电话。我在想，明天上班哪只脚先进去比较合适……

",342,匿名用户
,4,"


昨天去火车站接老公，刚好他的战友也在那个火车站下车，于是就等他一起，接到他的时候他说:“我晚点一个小时，不然早到了，我5点15的火车，5点10分我就坐在车上了，然后我就开始跟我旁边的人聊天，聊到6点10分的时候我跟他说，哎呀，不跟你说啦，我马上要下车了，结果我一看，TMD车还在原地没动。。”😂😂😂😂

",266,"
吃藕丑啦啦啦
"
,1,"


刚刚去吃饭看到的

",90,"
袁刀刀$
"
"
保姆纵火案就是这么来的
",28,"


今天下午一家人和保姆一起玩扑克跑的快，三个人都赢了，就保姆输了将近一个月的工资，现在好了，保姆煮完晚饭端上桌后，谁都不愿意先动筷子，就随意扒了几口饭，现在每个人都在找吃的，商量着明天一早把赢的钱退给保姆，尼玛的。

",1142,"
加勒比海怪001
"
"
男盗女娼，真是古人诚不我欺
",24,"


阿紫在一家不正规的酒店做公主，下班后她老公来接她，一路无话快到家的时候，她老公说：别做了好不好，我偷电动车养你！阿紫：结婚前不是说好了吗？不干涉彼此的事业吗？我做公主，你做盗贼。

",1146,"
齐钰
"
,4,"


有次跟同学去动 物 园，老  虎的观赏区是厚厚的玻璃墙。",195,"
半截烟云
"
,0,"


说出来你可能不信，种了一个月的花，今天才知道栽错方向了

",147,"
欢乐二哈
"
,21,"


听说逗b何炅做导演了，主持人兼导演，你们猜他的戏能赔钱不。

",154,"
‘张先生’
"
,12,"


一般长得丑的人，照片都比本人好看；",527,"
穿裘皮的叫兽
"
"
曹督主被神候废了武功以后隐藏起来开店了？？？
",31,"


姑父的小商店，一小屁孩兴冲冲跑进来，大声问：曹公公呢？我：没在，买什么东西我给你。",4648,"
道士下山会女神
"
"
你没反过来给小护士打一针？？[捂脸][捂脸]
",7,"


说个真实的，我有次过敏了去打针💉，需要打屁股针，由于还是很小的时候打过屁股针，我记得小时候都是把裤子扒了趴着打，打针的是个小女孩，估计是刚刚毕业吧，叫我脱裤子，我比较害羞，觉得挺不好意思的，结果那小美女还安慰我，说没事😜，我一想，我是有些矫情了，病不忌医嘛！心一横，就把裤子全扒了，这下轮到小美女不好意思了，脸刷的就红了，画面自行脑补！",358,"
寂寞在扯蛋
"
,0,"


这名字。。。咋签好看

",176,"
日邢一珊
"
,5,"


一个小时钓一条大的

",73,"
心高气盛
"
"
大不大，爽不爽，叫爸爸
",15,"


第一次去女朋友家，吃晚饭时女朋友说了句：“爸爸，我想喝汤”，我啥也没想就给女朋友打好了汤，永远也忘不了岳父僵在那儿的手和岳母的眼神

",550,"
西瓜绿瓤
"
"
法律公平只在新闻里。我是对这个法律失望了
",19,"


想当年我十三岁，我亲戚家地被一个开矿的老板开路占用了不赔钱，我亲戚家就去把路堵了，老板叫了两车黑社会的人来砍他们，我爸妈看见了，就去拉架，我看到一个人拿刀追我爸，我说你敢砍，我爸说你来干嘛，快走！结果另一个人过来用刀背给了我一下，后来看到我亲戚被砍得到处都是血，我还是吓得哭惨了！

",562,"
情，一世迷离
"
,32,"


前天，也就是3号的中午。对象打来电话说她怀孕了。当时的我心情无以言表，高兴？兴奋？当爹了？当时我就开车回到了家。焦急的等着医院02:30上班。B超检验，确认了。我要当爹了。今天，也就是5号。也就是中午。她把怀孕的消息告诉了她的爸爸。她给我打电话说，她爹说他不争气。哭哭啼啼的说了些我听不清的话。之后聊天说没楼就不行。本来家里条件就不富裕。种地的。我说过两年在买。就是不行！！！难道这世界没楼就不能结婚了。没钱真的就不配跟对方在一起？买了楼就真的能生活好了。心里不得劲，过不去这个坎。

",223,匿名用户
,4,"


在公司工作三年，业绩一直居中不上不下，多次裁员也侥幸躲过，此为前提。",111,"
王大锤他弟王大力
"
,11,"


全部剥完，吃的那瞬间，幸福感爆棚啊！！！

",97,"
豆豆1109
"
"
三十阿姨一千六，战斗结束就想溜？脱身不成退六百，小伙不肯说拜拜。一怒脑热要报警，姐姐慌乱愿返金。怎料此男一根筋，双双差馆诉衷情。铁窗十日就问你明不明？
",111,"


这是何等强势！！！

",2434,"
撩汉大婶
"
,7,"


一个地主给自己十几岁的孩子找了个媳妇，由于小新郎年龄太小，不懂人事，一切都由做父亲的代办了。",753,"
绿色段子手
"
,0,"


我需要神评[捂脸][捂脸]

",47,"
爷蹲街丿戏小妞
"
,0,"


学生成绩不好，老师是得反思教学方式，可是不能一味的责怪老师，作为一个班主任，虽然我教的不是数学，但是看到这家长的话我也很难过，还有的家长给我打电话，说不知道数学老师的电话，给说的也间接转达给数学老师，谢谢你们的支持和理解。

",125,匿名用户
,26,"


又没有识货的？直径七公分

",103,匿名用户
"
你这根本不算什么，要遇见四个彪形大汉，都纹着身，喝着啤酒看着熊出没哈哈大笑那才恐怖呢！
",4,"


晚上哥们叫我去吃东西，进门的时候看见隔壁桌四个彪形大汉光着膀子一身的纹身，带着粗金链子已经在喝酒了，我们吃完站起身买单的时候，隔壁桌有个大汉说喝不醉，我哥们嘴贱 白了他们一眼说： 我操 四个人喝六瓶啤酒敢叫喝不醉，我当时也脑抽了应了一句：不是爷今儿牙痛 分分钟教你们怎么做人，然后我们被要杀死人的眼神盯着我们背影看，背上鸡皮疙瘩都起来了，忐忑的出了门...各位糗友 给你们报个平安，我还活着！

",456,"
兰坊大眦花
"
"
发音不包准.....
",9,"


昨晚出去溜哒。一个三、四岁的小正太向我跑来，一边跑一边喊：你死了，你死了……",504,"
晓糖浅尝～
"
,31,"


打电话订外卖，问老板多久能送到，老板“很快 很快” 我：老板 半小时能送到吗？我快饿死了！ 老板：小姑娘我相信你能坚持！你也要相信你自己.....

",4131,"
林晓九
"
,9,"


去看刚生了孩子的同事。",656,"
要了怕你误会
"
,0,"


彩虹美吗？

",86,"
33789
"
"
重发帖，看过的勿喷
",14,"


上大学时，老妈教我：在宿舍要轻手轻脚有素质，夜里别说话吵醒人家……",576,"
(糗名昭著)~魅儿…
"
"
大家快来，这有个上厕所不带手机的[嘿嘿]
",20,"


这次我蹲坑的时间有点长，脚有点麻，我从卫生间舒爽回来后，手机在办公桌上充电，显示屏却亮着，一看，卧槽，谁给我老婆发信息说：你老公在我手上，在午时之前，给我转帐10万，否则，娃生下来你养吧……

",1160,"
花七七…
"
"
你这算什么？洞房第二天，我早上吃饭觉得客厅摇晃很厉害，非说地震了，老爸照头给了我一筷子才清醒了点[捂脸][捂脸]
",97,"


那年情人节，我和媳妇儿在路边吃烤串，看到不远处有卖花的，我偷偷过去打算买一束。",3064,"
隐笛
"
"
改天你嫂上了博士后，你哥得把八大菜系都做遍了……
",80,"


哥刚和嫂子恋爱时压力很大，因为嫂子是个博士，哥是研究生，觉得学历不对等，哥说结婚后这种感觉瞬间木有了，我问为啥？哥说:你嫂子学历虽高，可生活上啥也不会，哈哈哈！说完看见哥开心滴解开身上的围裙指着一大桌子菜，说:快去叫你嫂子来吃饭，我要用我的战绩羞辱她！",4044,"
倾心倾情%%
"
,6,"


去雷峰塔拍到了“通往穿越的门”

",98,"
混沌中的魔鬼
"
"
咆哮管啥用？有本事把手里的扔出去
",17,"


昨天傍晚和媳妇女儿，我抱着八个月大的儿子去燕鸽湖散步，媳妇看到有给鱼投食的，这婆娘就和女儿拿着儿子吃的小馒头不停的扔给鱼吃，扔的剩十几个小馒头的时候，看到我愤怒的眼神说：孩他爸，我把鱼抱上，你投孩子再喂会鱼。我咆哮了～～

",596,"
徘徊的老鹰
"
,8,"


就差着火了啦

",676,"
偷惢
"
"
金鱼:    劳资要告你们谋杀我
",32,"


花鸟市场，看到有条小金鱼翻着肚皮飘啊飘，对老板说：“你这条鱼死了吧，肚皮都翻了…” 老板解释：“没，没死，这鱼就是喜欢翻着游”说着丢了几颗鱼食，那条金鱼立刻翻过身来，去吃鱼食。觉得有趣，便卖下来了放办公室养着！",2064,"
狐地瓜大人
"
"
干得漂亮
",21,"


中国式老妈

",1370,"
李行道
"
,9,"


用牙齿咬住矿泉水瓶口的一端，然后头往后仰，有惊喜哦。

",106,"
狗年大吉巴
"
"
听这话就知你闺蜜缺干！
",25,"


大早晨的闺蜜就熊猫眼找我：亲，我不行了，一夜没合眼，家里养的宠物太粘人了，我一躺下它就想干我，，，",568,"
醉酒舞剑砍疯子.
"
"
玫瑰是我偷得，情书也是我抄的，我喜欢你也是假的，我爱的是你妈。
",47,"


现实的婚姻…必定的结局…

",1196,"
有趣精选
"
"
你堂妹男票还健在？
",47,"


堂妹玩炒黄金，刚开始赚了，开心的每天合不拢嘴。这几天，黄金大跌，她心情烦闷，就约了她男票去爬山散心。 爬上山顶，她就张开双臂，希望男票玩个《泰坦尼克号》式拥抱。结果，那二货 以为她要自杀，一个扫堂腿把她扫倒，拽着她脚踝就使劲往后拽……唉不说了，我要去医院看堂妹了

",5374,"
VIP苏夕月
"
"
最可气的竟然是老师儿子摘走的。
",9,"


初中早恋，老师给我说:你们还小，现在的爱情就像没有成熟的桃子，又涩又苦，等你们长大了，桃子成熟了，那时候就甜蜜了……现在桃子熟了被别人摘去了……[流鼻血]

",512,"
一本正经小逗币
"
,8,"


我觉得糗百就是一个我抒发自己情怀的平台，好多人都喜欢发糗事，但是我发的都不是，每天都是燕鲍翅谁都会腻，偶尔来一些小清新也不错的。楼主最近发生了太多的事情，很多人帮助我，我想对他们说谢谢，虽然已经当面说过，如果我是个乞丐，我需要一顿饱饭，如果我是被拐儿童的父母，我需要更多的找到子女信息，如果我是个环卫工人，我希望有个乘凉喝水的地方。谁都会有需要帮助的时候，我们大家都伸出手去做一些力所能及的好事情，彼此之间充满感恩，不是更好吗？！

",100,"
你惯的|小星星
"
"
哪用这么麻烦。裸贷！钱不还了。让放贷的流氓把照片卖给色情网站，收益一人一半。啊？不知道哪有色情网站啊。。。糗友们，谁给帮忙提供一下？
",42,"


空手套白狼

",558,"
靥琪维维
"
"
楼主不要脸，夸自己年轻呢
",14,"


穿着一身很卡通的衣服等公交车，过来一个男生跟我搭讪：美女你好，能加个微信吗？",522,"
王云（笨笨）
"
"
这么可爱的侄子，所以好想抱抱他姑姑
",14,"


带侄子跟我一起去洗头，打理头发时发型师说我有几根白头发，可能是少年白吧。侄子听见了接话道：“才不是少年白，我姑姑都这么老了当然会有白头发。”

",518,"
狸土豆大人
"
,17,"


过生日，老公给我说，老婆，我要给你两个惊喜。我一直在想我老公给我买啥了啊！首饰？化妆品？衣服？整整一天啊！等他回来，给我一大惊喜，他妈的，两把拖把，我在想要不要用拖把杆打死他！

",677,"
佛祖我孙悟空
"
,32,"


糗友们能帮我认下这种蛇吗？会有毒吗？今天跑到床上去被抓到了，拍了几张，就这张最清晰了！

",95,"
一头！大蠢驴
"
"
这么简单的问题，中了病毒关它三天就饿死了怕什么[doge]
",19,"


以前刚开始学电脑时，学习了打字后费力地打了一篇文章，然后点了“保存”。可是到下午时，打开电脑，却发现文章不见了，问老师，老师说:“电脑上安装了还 原 精 灵，一重 启就会恢复到刚安装的状态，文章是无法保存的”。",618,"
鲲鹏九天
"
"
这就是你们两个光着身子在客厅草席上叠罗汉的理由？
",70,"


过节回娘家，大半夜的和老公吵起来了，我一赌气找了张草席睡在了客厅里，二货老公怕第二天家人看到了感观不好，等我睡着了走出来想抱我进去……",5471,"
百毒不春
"
,15,"


记得高中的时候，我们英语老师给我们讲题，讲到一到题的时候说“这道题一看就选A。”然后用了几分钟给我们讲解为什么选A，然后翻开辅导书看答案选B，然后淡定的说“这道题选B，没有为什么，就是选B。”

",1457,"
神评湿
"
"
鸡鸡复鸡鸡，神龙是平胸。
",46,"


最近新剪了一个短发，下午去和闺蜜逛街，，，，，，，，，",632,"
劳资是小神龙
"
,5,"


这是一个悲伤的故事。。。。

",71,"
阿拉小玩玩
"
,8,"


跟女友逛超市，她被一个熊孩子用购物车给撞了。熊孩子一副毫无悔意的态度惹恼了女友，于是女友从货架上拿了一袋超贵的巧克力，然后打开来请那个熊孩子吃，最后把那一袋巧克力送给了熊孩子。不一会，熊孩子家长训斥其不付钱自取的怒吼声响遍了超市……

",610,"
王八与蛋
"
"
添直了还进不去的话，就得把毛头给绞了
",44,"


偷来的图，能过吗？

",1900,"
收破烂\\\…
"
"
卧槽，楼主老婆是孔雀精
",22,"


楼主一家去动物园，女儿碰巧看到孔雀在开屏，她看见孔雀在开屏，兴奋的拉着我老婆，大叫:  妈妈快看，那孔雀开屏，跟你昨晚身上的彩色羽毛好像啊……唉，昨晚跟老婆玩情.  趣，这熊孩子突然闯入我俩卧室[大哭][大哭][大哭][大哭][大哭]

",1377,"
VIP苏夕月
"
,19,"


缩不回去了",986,"
雨在下8
"
,6,"


从别处看来的，觉得很好笑，特与糗友分享――割了他的。",472,"
嘿！该吃药了
"
"
第二天晚上，堂嫂让堂哥守夜，早上发现小龙虾没事儿，堂哥没了
",21,"


堂哥养殖小龙虾，最近小偷猖獗，为了避免损失，堂嫂让他守夜，他守了两晚，觉得太累，想出一个空城计的法子，花一百多买了个帐篷放在水池边上，帐篷里点上灯，假装有人守夜。",779,"
双手发抖
"
"
这只是一个癞蛤蟆精。
",20,"


内科医生一枚……这几天颈椎病犯了，但是特别忙没时间去做推拿，中午的时候请同事给我背上打了几个火罐，坐在办公室打着赤膊觉得不雅，于是罩了一件宽大的白大褂在外面。",1601,"
萌萌哒的泡老头
"
"
然后，顺便扛一下大米，还有那几桶油，都交给你了
",38,"


昨晚酒吧里看球，男友和哥们扳手腕，男友连输三局，他哥们耀武扬威的，我气不过，撸着袖子就上去挑战了，连扳三局，男友惊的目瞪口呆……",621,"
(糗名昭著)~魅儿…
"
"
别发帖子了，她现在是我的人了，哈哈哈
",21,"


出租车司机一枚，今天送老婆去出差，半路上老婆要上厕所，我就在车上玩手机等，过了一会有个男的过来问：“师傅，走不走。”",890,"
会武术的猴子
"
,2,"


真理啊。。。

",111,"
小呀小鲜肉
"
"
不吃多点肉，哪有力气减肥
",16,"


昨晚下班回家，看到一桌剩菜，便问老爸 : “爸，今天咋剩下这么多菜？”",589,"
(糗名昭著)~魅儿…
"
"
妹子太单纯了，居然没发现楼主是只色狼
",25,"


医院输液，一护士妹妹突然问我：哥看球不？我瞄瞄护士妹妹的胸，忙不迭的点点头：看，看……",3249,"
道士下山会女神
"
"
然后，闺蜜把你刚隆的胸戳破了
",17,"


和闺蜜在家比手劲，俩人掰手腕！突然闺蜜一声大叫：啊～，瞬间她手上一用力我被她打败，闺蜜高兴大叫：耶 ！",511,"
醉酒舞剑砍疯子.
"
"
大家只关心你当晚挨没挨日！说重点好吗！？
",22,"


确实挺亏的！

",1330,"
（握咪脱服）
"
,9,"


前两天买了一套衣服没敢告诉老公，今天老公问我钱怎么少了，我没办法就把实话说了，结果我老公却说以后不准再买衣服了

",104,"
焚天嬌
"
,10,"


当年我和我姐坐车去我姑家  那会都是坐绿皮火车 人特多 我感觉有人摸了我屁股 那会小 当时没敢出声 下车的时候我和我姐说 刚有人摸我屁股 我姐说 放心 他只是想摸你口袋里的钱………

",754,"
ASA夏天
"
"
这才叫亲兄弟！赞👍
",30,"


什么叫亲兄弟",628,"
玩的开心就好了
"
"
嫂子套路深，哥哥很伤肾！
",38,"


哥嫂打起来了！",1136,"
(糗名昭著)~魅儿…
"
"
为什么没人注意修正液和橡皮在一起后，为了不让橡皮受伤，修正液一直在掏空自己的身体
",33,"


也许是的吧

",515,"
万小美
"
,6,"


昨晚我做了个梦，梦里邻居来给我道喜，说我又喜得贵子，我也很高兴，可是我脑子里却在想一个问题：老婆过世快两年了，这怎么可能呢？然后在痛苦的纠缠中醒来，忍不住又流泪了，知道不会过，发发唠骚而已！

",108,匿名用户
"
和谐社会，这样不好，这样不好，你们把他直接从窗户扔出去，挺好
",18,"


大一宿舍六个人，有一个一入学就有了女朋友。整天在手机里腻腻歪歪，挺烦人的！",1354,"
倾，一世红颜
"
"
当年，楼主不舍得娶老婆，楼主老婆白白让别人玩了几年
",17,"


当年，舍不得买空调的，几年后熬不住还是买了，白白热了几年。当年，舍不得买手机的，几年后熬不住还是买了，白白错过几年的乐趣。当年，舍不得买房子的，几年后熬不住还是买了，白白让每平方涨了好几万。

",507,"
笨才爱傻才乖
"
"
唉。但愿世间人无病。宁可架上药生尘
",60,"


[拥抱]现在的医院啊，",1945,"
多多小主666
"
"
所以女性朋友们，你们在男人眼里并没有你们自己想象的那么重要
",125,"


哈哈。。。。

",3261,"
日邢一珊
"
,6,"


过去常见，现在少见。

",80,"
fenghuo71…
"
"
真丝若能换真情，再多两千又如何！
",33,"


和婆婆去逛商场。婆婆试了一条2000多的真丝连衣裙，她似乎很喜欢，但又犹豫。导购：阿姨，您长相富态，穿上这条裙子很显气质。",2255,"
晓糖浅尝～
"
"
请别拿童话故事跟孩子说道理  人需要一点童话
",5,"


这样的家长应该是很稀有了

",708,"
搞笑动态图
"
"
多刺激，如果结婚了就像娶了两个老婆
",36,"


打游戏认识个妹子，可爱型的。",5889,"
挖鼻孔的老虎
"
"
就这一块钱，还是从别人忘了拿解锁购物车的眼里扣出来的
",12,"


老妈去超市买了很多东西。回来后，她把10多袋大枣塞给我说：闺女，多吃枣，补气血。",2025,"
晓糖浅尝～
"
,4,"


这是一个很坚强的女孩，希望爱心人士看看，圆她愿望。我无能，无地自容帮助不了她。

",362,匿名用户
"
老板成功的被吸引过来，也摸了她大腿一下
",9,"


准备开始员工大会，大伙都提前进会场。坐旁边的妹子跟我说：“我先眯一会，老板到了就叫我下！”",627,"
鱼七七…
"
"
那女的有病，双重人格分裂障碍暂时性综合失忆症
",17,"


孪生妹妹......

",563,"
这个头像真的不错
"
,4,"


今天炒菜盐放多了，老婆问我，这菜怎么这么咸，我说，可能菜太热，出汗了吧！

",576,"
行走沙漠的胡八一
"
"
同问
",26,"


闺蜜失恋了，我带她去玩游戏释放下，配置较好的vr头显，果然画质清晰，体验感很棒，这丫头一下午厮 杀的香汗淋漓，",707,"
宿舍的床
"
,2,"


一朋友，用两年时间终于考到驾照，找几哥们喝酒庆祝一下，结果从酒店出来开了不到200米，被查酒驾的抓到了。NO x,NOx。

",95,"
聆听闪电
"
,18,"


自从跟男朋友同居后，我的亲戚就一直没来，让他给我买试纸试试看怀孕没有？他非但不给我买，还凶我。气的我直哭～看我哭了他安慰我:宝贝乖，别哭了，你一个大老爷们怀什么孕？[挖鼻孔][挖鼻孔]

",531,"
士荡（81192
"
"
每当楼主说起这事，楼主都激动的从轮椅上蹦跶了几下
",23,"


上次跟朋友去吃饭，饭局喝了不少酒。朋友兴致大发，要给我表演节目，他一个漂亮的飞踹，踢碎了一块木板，我不服气，使出一招“大力金刚腿”，也踢烂一块木板，然后，我俩就开始了踢木板比赛……",2738,"
VIP苏夕月
"
"
最新版的人不如狗 不过 这版本的 是自找的 活该！
",4,"


晚上牵着狗出去溜达了一圈，回来时那傻狗不管我怎么拉怎么拽就是不走，无奈只好自己一个人上了四楼，拿钥匙开门时才发现走错了单元[捂脸]",666,匿名用户
"
你应该己经撂挑子，，，？
",25,"


老总让我去办事，我顺手抓了一把他桌上盆栽里的土。老总问我这是意欲何为？我冷冷的说：“我拿点土回去煮来吃啊！谁让你不发工资啊？”老总听完脸顿时红了，他赶紧拿出钱包，左翻右翻掏出了一张名片递给我说：“去这里，他家培养盆栽的土是进口的，无任何添加剂！”

",3312,"
王八与蛋
"
,4,"


跟女友异地，女友在老家县城工作，此为背景。今天女友来北京找我，在进地铁过安检时由于女友手里拿了瓶矿泉水，因此安检员对女友说：“喝一口水”，女友一愣对安检员说到：“你要喝水吗？”，安检员表示很无语没说话，这时女友才反应过来自己喝了口水顺利通过安检。真事，第一次发求过。

",148,"
我是好人一个啊
"
"
矛盾转移
",15,"


这几天发现老婆心态特别好。成天乐呵呵的， 不像以前我偶尔犯点小错误，就对我大喊大叫。那天吃饭，我小心翼翼的问她怎么了。她说:这就该放暑假了，我放松调整一下，该跟比你更能惹我生气的儿子做斗争了！

",2005,"
萌萌哒的棒棒大师
"
"
竟然对自己儿子下手
",16,"


午时，将醒未醒之际，右手触碰到一柔软之物，分作两瓣，遂用力揉之，忽闻小儿吼：爹，为何袭儿臀！

",772,"
花七七…
"
"
对，一般说同事或者朋友，基本都是本人
",10,"


一同事女的，平时有点神经，骑电动车逆行撞到了老太太，老太太也没啥事，同事怕老人坑她下来就说:奶奶，没事，我报警，直接打电话给110了，老太太听也急了，小姑娘，报什么警啊，都没事算了算了，110打通了简单做了记录，同事忽然想到，是我逆行我全责，立刻挂了电话，对老太太说，警察说没事私了吧，不出警，老太太听了非常开心连忙感谢同事，我真服了！！！

",840,"
Dd__东东
"
"
你终于出去了，我在衣柜里差点憋死了
",91,"


关门......

",3962,"
这个头像真的不错
"
,7,"


妈蛋，捞了一整天漂流瓶，竟是捞海星，微信你是神马意思，这是是请我吃海鲜吗？我勒个去～

",31,"
开心的萝卜...
"
"
老王其实是个暖男吧
",14,"


老公接我下班回去的路上跟一辆比亚迪发生了刮擦，比亚迪车主给我老公吵起来了..",564,"
隔壁家老王915
"
"
没图没真相，强烈要求说图!
",37,"


别人刚生完宝宝时，都是奶水不够吃，尼玛换成我之后，足的过量！整个就像爆炸一样，憋的特别难受，但我没有不乐意，反而心里有一丝丝窃喜，因为，我终于也可以逮住老公呲着玩了！

",801,"
杨蕾蕾123
"
"
你说你刻就刻吧。。。教育的真好
",11,"


邻居有一熊孩子老爱用小石子在别人家车上乱刻，教育多少次了就是不听。那天又淘气了不是，人家又找他老爸告状去了，他老爸各种赔不是，等那人走了马上就火了，一巴掌就甩过去:狗日的，给老子出来，以后再给人家车上乱搞老子不抽死你，你说你刻就刻吧，你每次都刻个老子名字是什么意思？

",1369,"
九月。纷飞。
"
"
好心办坏事
",32,"


我和姑父正在他店里忙，突然一辆车开到他店的禁区，我姑父喝多了，冲我挥挥手，我一个会意，走到车主面前道:不好意思先生，这里不能停车，这是我们大排档的场子，请您到别处………",1582,"
（驹迷）真的爱你
"
,3,"


谁说这是瘦人玩的游戏……

",78,"
亲一下会怀孕么
"
"
舌功了得
",10,"


和老公相亲认识的，问他怎么看上我的。",514,"
老巫婆～～
"
"
看来都爱“长舌妇”，不喜欢“短舌男”，，
",12,"


陪女友逛街她莫名其妙的问我怎么与前女友分的手？我回:前女友是姑妈给介绍的，见了面去她家，当时来了好多人。",603,"
墨海烟云
"
"
你开的话，得起飞了
",9,"


闺蜜刚提了新车硬是拉着我兜风，一路上开得风驰电掣，吓得我的小心脏扑通扑通的……",503,"
老李家掌柜的
"
"
不是王昭君吗？
",22,"


哈哈哈哈哈哈哈哈悟一悟啊！

",591,"
张不说
"
,7,"


对我们男生的不信任

",215,"
十年老友
"
"
我不光微胖，我还微胖胖，快点告诉你朋友！快点快点，我着急
",8,"


看到哥们发圈说，要找个女朋友，可爱点，微胖一点最好。",550,"
我是你大叔呀～
"
"
然后你就莫名其妙的出台了…
",46,"


公司一群同事去KTV喝酒，中途有点事出去接了个电话，回来的时候不小心走错了包厢。因为刚到公司没多久，很多人还不认识，没第一时间发现，照常坐下喝。直到其中一个帅哥给了我五百块钱，我……

",1166,"
世界光怪陆离
"
"
碎碎平安
",19,"


十岁那年，有次爸妈因为家里的事吵了架，妈妈脾气比较急，当时就气的跑回了外婆家。",1498,"
半截烟云
"
"
特么，我是那免费的呀！
",59,"


表姐生了二胎，我发了六百红包，出了月子，表姐打电话叫我去吃饭，我打车过去，竟然是家自助餐厅，门口还摆着促销牌：69一位，十人同行，一人免单！",3966,"
萌萌哒的宇宙第一美…
"
,5,"


現在淡季工地沒磚搬了只能去釣魚了

",89,"
魚民
"
"
哈哈哈，亲爱的乖乖睡觉，吃饭我叫你
",87,"


周末休息在家，吃完早点，外面下起了雨，跟男友撒娇：“下大雨了！”  男友说：“太棒了，亲爱的，赶紧钻回被窝，听着雨声，睡一天，多惬意！” 说完二货把窗户打开，被窝铺好，把我放床上。 我问他：“你不陪我躺会？”  二货挠着头：“不了，你自己惬意，我打会游戏！”",2789,"
狸土豆大人
"
,9,"


记得我那会儿还没找对象时老妈急了，让哥想想办法，老妈:你那么多同学，同事，朋友，给你妹张罗一个！",505,"
倾心倾情%%
"
"
楼主的丑,连自家老爸都看不下去了
",29,"


…下班回家，看到看到老爸带着老花镜看手机，，我心疼的说“岁月不饶人啊，看我爸这么炯炯有神的眼睛也沦落到戴老花镜了，，”",1386,"
萌萌哒的俏贝儿
"
"
片儿不是大电影的意思吗?不懂
",11,"


单位组织员工观看视频，进行学习。",513,"
王云（笨笨）
"
,128,"


去公厕，那种男女混合的，一个小隔间那种（小城市）。刚蹲下就发现墙上居然有个小洞，然后下意识的就去看了。我发誓我看到了这辈子最尴尬的～～另一个眼珠子～～～画面自行脑补…

",7725,"
小长子
"
"
这个妈妈的教育方式挺好的
",9,"


地铁上，看见一个小男孩在吃东西",528,"
包袱侠
"
,7,"


追和撩 有什么区别？",502,"
乄自知之明
"
,17,"


那一年冬天，我当时7岁，表弟比我小3个月，我们两人幻想自己是游泳运动员，双双跳进了表面结冰的猪粪池里

",740,"
弄妇三拳＆有点咸
"
"
怪长肉长个证明还是有用的，挨打的时候比较扛得住[doge]
",14,"


我姐最近脾气暴躁，总是发火，我想着逗逗她，指着她四个月的娃跟她说:“别生气，还要喂宝宝奶呢，你一生气，母 乳会变酸奶的！”",525,"
胖香
"
,7,"


卡地亚手镯，香奈儿香水，虽然世假货，但是我就想知道到底送没送

",110,"
、上善若水i
"
"
楼主赶紧回家摘两片桃叶泡水洗澡，去晦气
",4,"


和发小一起卖桃子，我是在一个小区门口卖的，而他去的是菜市场，一天下来他居然卖完了，我说：“乖乖！一三轮车有几百斤，我才卖二三十斤，连饭钱都挣不到，还是你！”他说：“你得会给顾客介绍，‘俗话说桃子保人杏害人，李子树下添新坟’这样咱卖桃卖的是健康。”第二天我也去菜市场按他的方法卖，卖了不一会儿，过来了俩个汉子，其中一个对另外一个说：“卖杏的，咱俩昨天收拾了一个欠种，今儿又来一个……”

",447,"
英昂百魅
"
,7,"


在楼上听到下面洗衣机鸣叫，懒得动，灵机一动，招手儿子:“过来”",530,"
绝章子
"
"
楼主，我想拿西瓜送给你，你就陪我说一晚上话就好，放心，我是正人君子
",84,"


这几天天热，出门都是穿短裙，露脐装，甚至会更暴露",4946,"
甭说话我要捉大鱼
"
"
恕我直言，食人花不会把吃了的东西吐出来
",19,"


花匠夫妻夜话，妻子:我这两片像不像含羞草？丈夫:不像！妻子问:为什么不像？丈夫回答:含羞草是一摸就闭上，你这两片一摸就张开，和食人花很像。

",2372,"
草泥马来也
"
,3,"


今天送儿子送儿子去幼儿园，他问我，爸爸我们的幼儿园叫什么名字，我说，叫未来幼儿园，他说，问什么我没看见外星人。。。。。。外星人。。。

",105,"
不撸可以吗
"
"
姜还是老的辣！不知道的问菩萨啊！
",41,"


儿子中考，这两天填报志愿，一家大小都愁死了。本着自己不能解决就问人的原则，二货拨通了她大字不识一个的娘亲的电话，一番叙述后我的岳母说：你等等。然后电话里就没声了，过了好一会岳母的声音坚定响起：报一中，我问过了。菩萨说就报一中！

",3764,"
我玩不起
"
"
笑得很开心，死的很安详，家属很坚强
",57,"


扶我起来，我还能再笑会

",5969,"
喝o泡果奶
"
"
炮前淫如魔，炮后圣如佛！
",102,"


以前在街头，经常看到小情侣紧紧拥抱，旁若无人吻的难舍难分，那次忍不住感叹一句：太有激情，太浪漫了！",8345,"
(糗名昭著)~魅儿…
"
"
励志！残疾小伙自力更生月薪3000，连上厕所都尽力自己完成！
",10,"


真的想不通现在的年轻人，我一个年仅28岁月薪就高达俩千三的成功人士，这么热的天我连上厕所都亲自去。你们还有什么好抱怨的。

",588,"
湖北原谅帽派送员
"
,12,"


老婆同学聚会非让我去，说同学们非要看看班长的老公(老婆上学时是班长)刚开始都挺正常，喝着喝着副班长就喝高了，全听他一个人吹了，别的同学说：你怎么又喝多了？！这货指着我说：他占了我的位置能不喝多吗？

",175,"
宝哥，宝哥
"
"
从头绿到脚的感觉
",5,"


下午和女票逛街，马路对面一哥们向我俩打招呼，结果我女票就跑过去打了个招呼墨迹了几句，回来说是她表哥，我就没多想，继续逛街。就刚才我上WC时碰见了他，没等我开口，他就来一句：表哥，你陪丽丽逛街啊？“嗯”“嗯？？？？”到底谁才是她表哥？被绿的这样不留痕迹？

",536,"
你皇上
"
"
帅不过3秒[笑哭]
",15,"


……带着小侄女去剪头发，理发店里一个七八岁的小帅哥刚刚理完头发，对着镜子左照右照，然后跟他妈妈说“妈妈，我同学都说我特别帅。。”他妈妈笑的眼睛眯成一条缝说“我这么好看，我儿子肯定是最帅的。。”",1291,"
萌萌哒的俏贝儿
"
"
楼主心想：别说了，我比你还清楚
",21,"


昨天生日，快下班的时候我到前台去领公司送的蛋糕，前台妹子正忙着写写划划，我随手抱个最大的就走。",1032,"
盛世江南
"
"
其间旦暮闻何物？杜鹃啼血猿哀鸣。手抓黑板挠玻璃，锯木杀鸡宰鹅声。
",22,"


闺女五岁，想让她学点音乐，又不想强迫她。买个电子琴，我自己慢慢练，润物细无声，希望潜移默化她。",4924,"
小燕飞1206.
"
,11,"


大家都在说人贩子，我想说国家法律能不能重一点，人贩子和买小孩的要同罪，刑法就分三个等级，20年徒刑，无期和死刑。没小孩的朋友也许感受不到这种痛，有小孩的父母想想宝贝看着自己的眼神，那可爱的笑脸。。。我敢保证，父母们把人贩子一口一口生吃了的心都有，而且不用吃大蒜。

",343,"
辛门吹雪笑迎风
"
"
然后。。。比你的还大？！
",4,"


刚发生的，在医院厕所抽烟割…………………………………………………………………………",560,"
小婊砸fl
"
"
钱才是最可靠的。钱都能买命，没钱别指望医院会拯救你
",23,"


钱是万能的吗？回答：是！！！！  💰能买来时间吗？可以。美女，加个钟！！！钱能买来健康吗？可以。约个美女跑跑步，晚上去桑拿做做按摩泡泡脚，都是对身体有益的。钱能买来爱情吗？可以。美女，这有一千万，去领证吧，我想全世界百分之五十的女人会同意。钱梦买来快乐吗？可以，全世界游玩一趟，估计啥烦恼都没了，澳门赌场里大玩特玩三天，自己叫啥都会忘记。。。这就是金钱的魅力

",861,"
晴天那个白日
"
"
平板就是任性，解了上面的带子，胸罩可以当呼啦圈玩，，
",122,"


下午约了人，中午睡一小觉。结果醒来快迟到了，翻身下床梳头就冲出家门，正迷糊疾走，楼下小女孩在我背后喊“妈妈，姐姐像骆驼.…..”",8613,"
春水无边
"
"
没有什么事是一个冰激凌解决不了的，如果有，那就两个冰激凌
",8,"


转载：在大街上听见一个小男孩和一个小女孩说话。小男孩：“我给你一个冰淇淋，你和我一起去玩吧～”小女孩：“哼，我才不会为了一个冰淇淋跟你玩的！”小男孩：“两个！”小女孩：“那你等一下，我回家拿玩具。”

",1804,"
百花阁~牡丹
"
,5,"


什么也不说了

",105,"
不锈钢火箭筒
"
"
其实中国吃更厉害。你要小心那条狗了
",7,"


近日看了一个加拿大的视频！加拿大华人太多，一个白人老太太家附近华人社区总舞狮子。白人老太太天天遛狗，狗观看了几次舞狮子，只要鼓点儿响起，它就学舞狮子的动作。白人老太太到法院起诉，理由是“中国人洗脑太厉害，影响她家狗狗西方传统文化和心理健康”[皱眉]

",516,"
河边、轻轻“草”
"
,12,"


小吃店和媳妇吵架，媳妇说“信不信分分钟我在这里找个新的男朋友?”",1140,"
神评湿
"
"
她闺蜜的任务是拖住你，别让你提前回家！
",20,"


我就想问问：如果等女友和她闺蜜一起吃饭，等了半小时都不到，是不是该干点啥？比如干她闺蜜什么的……[流鼻血]

",844,"
一本正经小逗币
"
,16,"


突发奇想，想闻闻打火机的气是什么味，慢慢按下，放在鼻子下。没想到，啪……打火机着了，同时正在吸气……火苗钻进鼻孔里，疼……是一股烧鸡毛的味道!

",541,"
书生不可狂
"
,9,"


最少5个字

",159,"
浩似风一样
"
"
这个故事是假的，至少发生在二十年前。第一，楚州是淮安的旧称，不知道多少年前的事了。第二，火车票实名认证，不是谁帮忙就能买的。
",52,"


凌晨四点，前女友母亲发来短信，算标点只有五个字：你姐病重！",476,"
谁的二刚
"
"
楼主别装了，你口水把裤子都湿透了
",23,"


在广场上坐着，旁边一小女孩在吃冰淇淋，我看她特别漂亮可爱，就一直看着她。男友有点尴尬的说：“你是不是想吃呀，一会就给你买冰淇淋去，别看了，都这么大人了还馋人吃东西别人会笑话的！”

",2392,"
狸土豆大人
"
"
要不是男人不能住产科我就信了。。。
",10,"


生完宝宝在那躺着休息，邻床一个男家属问我“生宝宝疼不疼？你现在疼吗？剖腹产伤口大吗？以后会不会有疤痕？......” 正感慨这是个好男人的时候，旁边走来一个帅哥温柔的搂着他的肩“乖，咱们不生宝宝，不怕～”",570,"
林晓九
"
"
越蠢越纯，越纯越蠢。
",4,"


一直想养只狗，昨天闲来无事，就想先去宠物店看看再说，转了一圈，觉得那只二哈看着比较呆萌，就问老板，“这只二哈纯不纯啊？”",548,"
神评湿
"
,2,"


咱也炫个腹

",72,"
琴声剑影
"
"
听君一席话，浪费十分钟
",91,"


吃的苦中苦，还是普通人。",4135,"
麦兜叮当响
"
"
合0.5美元，3.5人民币，比要饭强
",34,"


我在宿舍午休，室友把我摇醒，说他女朋友来了，要过来看他。",1605,"
单身狗爱流浪猫
"
"
老婆确实是领导，没毛病
",10,"


转载：我们学校有严格的规定：禁止学生把手机带进学校；禁止教师在上课时间接打手机。一天，我们上物理课，物理老师的电话震了。因为放在讲台上，嗡嗡的声音传得很远。老师很纠结，看看手机，看看我们，见我们都点头，就问我们：“领导的电话，接还是不接？”“接吧接吧”我们几乎异口同声地说。老师很规矩，拿着电话走到教室门外去接，我们清晰地听到：“喂，老婆，有事儿啊？”

",974,"
百花阁~牡丹
"
,17,"


今天，40度高温～",723,"
不美但很能干的妹
"
,4,"


今天上班时，把包拿到休息室里面去本来要抽根烟的，可是店长过来了，就没抽，然后被店长发现我包里的烟了，问:你抽烟啊，我说:嗯，是啊店长说:抽的什么好烟啊，拿出来发一根勒，然后给一根给他了，呵呵………当时心想完了，我乖乖女的形象又被毁了，呜呜呜…………

",86,"
▓小♀情♂绪▓
"
"
楼主一看，立马跟小姐姐说:传单发我就行，这个胸垫就不用了，来我帮你塞回去。说完楼主就把手伸进小姐姐衣服里了。。
",36,"


超市里看到个小姐姐在发传单，不禁好奇，问:超市这么开放？",3964,"
坐看风雨
"
"
要不是那女的三百多斤我就相信了这个故事了
",7,"


女:我不想做处女了 男:星座这种事，我改变不了！ 这是我听过最屌丝的对白

",583,"
五岁打灰机
"
,4,"


有一次，我有个同学开玩笑说一个男生不阳刚，那个男生马上站住跺了下脚指着我同学说“哼！你算哪块小饼干！”

",513,"
乄自知之明
"
,26,"


看糗百，只看纯文的请举手。像我这样看纯文发现一个发家致富的机会的，请举手——我发现标点符号老值钱了——要不怎么有那么多不用标点符号的段子。

",2004,"
名称审核难度大
"
,2,"


先介绍下背景~我是个卖混凝土泵的业务猿，经常出差，舍不得花钱住的都是隔音不好的小旅馆，经常听见xxoo现场直播，不过令我很担忧的是，最长都没有超过十分钟的…

",95,"
一克草V
"
"
专业更重要
",66,"


二叔在菜场开了个卖.卤.肉的店，可是怎么都做不过对面的同行。",9413,"
(糗名昭著)~魅儿…
"
"
内马尔：你们走吧，我妈不让我跟傻子玩
",14,"


去接内马尔。

",800,"
天上掉下个黎妹妹
"
"
突然就笑了
",134,"


一家六口爬黄山，小孙女霸占爷爷的拐杖，左抡右扫，其他游客皆躲避。父亲管教不听，母亲要打，爷爷却阻止，说小孩子天真可爱，要保护儿童天性，不要把成年人的意志，强加到未成年人头上。到了飞来石，爷爷俯身看景，孙女一拐杖，把爷爷扫了下去。幸亏老头身板好，只断了一根肋骨，一颗门牙。

",9271,"
村姑二丫
"
"
后勤大叔的少女心
",6,"


办公室申购一批办公用品。五大三粗的内勤大叔来分发的时候，我们惊呆了:粉色的燕尾夹，粉色的橡皮筋，粉色的圆珠笔，甚至连垃圾袋都是玫红色的！

",622,"
醉.花阴
"
,1,"


这是猴子请来的逗逼

",77,"
你不配她
"
"
说的我一个男的都想试试了
",19,"


lz男，有一女性朋友，很好特哥们那种，到现在还没有男友。",606,"
米臭一白一媚尼
"
"
我姓孙，爸妈希望我以后比孙中山强，所以我叫孙串出
",28,"


去闺蜜家玩，进去发现她姑娘哭的哇哇的，我问姑娘怎么了？谁欺负你了，小姑娘指着她爸妈说，就他俩，他俩没文化，奥！这是怎么说呢，小姑娘说同学都笑话我，说我的名字一看就是没文化的取的，我爸爸姓孔，他俩就给我取名叫孔圆圆。同学天天笑我说孔就够圆的了，还要重复一下再圆圆。听到这里我也忍不住笑了

",1859,"
^O^比目鱼
"
"
这好像不叫失眠吧
",75,"


连续失眠了半年了，怎么办？自杀的心都有了，每天早点12点多起床，晚上要到凌晨四五点才睡着，工作都没有了[大哭][大哭][大哭][大哭]

",513,"
CG随风F
"
"
哥们，搞事情是吧……
",15,"


最近买了一辆新车，没事当个婚车，能挣两个零花钱。一天，我去接新娘，新郎坐后面，新娘坐副座。因为新郎给新娘上车礼少。新娘有点怄气，一路上不说话，新郎一直劝着新娘，我看有点尴尬。就打开了音乐：终于你成了别人的小三。听一会感觉这首歌不合适，又换了一首：分手快乐，离别等歌曲。这时发现新郎脸都憋黑了。

",1500,"
你皇上
"
,1,"


现在糗百怎么那么多挖坟的不要脸的贱人？别人发表个东西自己改个名称就说是自己的，真他妈恶心！严重鄙视那些剽窃别人东西刷存在感的son of a bitch！FUCK！

",87,"
花山论贱:
"
"
打这么多字不容易，点个赞。顺便问一句，是尿在脸上难受还是竹板打屁股上难受[哈哈]
",320,"


本人80后，出生那天，大姐结婚都半年了。她抱着我笑着说：真是亲妈，知道我马上要小孩了，先生一个让我练练手！",25110,"
半夜提枪就
"
"
自取其‘乳’，驼‘鸟’匿沙。
",26,"


在海边玩，太阳渐渐烈了，一个美女趴在沙滩上，不一会儿，她起身离开。她走了几步又回来，往沙滩上她趴出来的那个印子 胸那个位置，深深踩了两脚，再走…我也站起来，对自己印子下腹部那个位置深深踩了一脚再走...

",4454,"
萌萌哒的小茶茶
"
"
这就是中国文字的奥妙之处
",35,"


完美反击。。。

",3033,"
日邢一珊
"
"
最烦的就是这种人，千里送人头。旁边一群人围着，不罚还不行。
",13,"


昨晚九点多骑着电驴接老婆下班……割……走到一个十字路口，看到右边那条路上一大群吃瓜群众围在那看什么，老婆说，走，去看看热闹！我说，算了吧，看热闹，没啥好事！老婆不依，非要去看看，她说她就是爱看热闹。骑着电驴刚跑过去，被人群中一个警察叔叔一把呼住了，查骑车载人……

",852,匿名用户
,31,"


图盗，这图是人在外面还是人在里面！求解！

",105,"
含煙
"
"
男：我喜欢你。女：讨厌～
",13,"


正说反说都是一个意思的汉语！外国人蒙了

",638,"
段子傻妞也
"
"
你说没做点啥，亏不亏
",22,"


今天，坐电梯，居然遇到传说中的电梯故障，而且是和一个小姐姐在里面，电梯门打不开，小姐姐一脸惊慌呼叫救命，我一脸不屑：美女，这是一楼，你惊慌个什么，放心，安全！！",1760,"
～盗仙心～
"
,8,"


之前在上一家公司工作的时候，老板特地从外边请的裁缝来给我们量身体，定做工装，我们就排队一个个的量，然后慢慢排队到我前边同事的时候，我这个同事些微有点胖，就听人家裁缝师傅说胸围103，腰围103，臀围103，老师傅突然感叹了一句，好像个桶……哈哈哈，我同事瞬间黑脸

",546,"
神经少年、
"
"
牛不会去摸小女孩屁股的
",9,"


孙子总喜欢四处惹是生非，摸小女生腚部……爷爷对他说：你就像牛一样!孙子高兴的说：爷爷，你是夸我成熟稳重吗？……爷爷抽了一口旱烟接着说：都是牲畜!

",1545,"
上凹下凸
"
,10,"


万能的糗百，请问这是个什么品种，有毒么？

",84,"
背着毒蝎过河的青蛙…
"
"
娃有样学样，跟着大人学，俺们邻居家宝贝两岁了，还把粑粑叫老公，把麻麻叫老婆，叫她爷爷——死老头子[捂脸]
",12,"


儿子两岁时，有一天我回家看他正在玩新玩具，就问是谁给买的。儿子头也没抬:“我说。”等着他说呢，他没下文了，又问，儿子还是回答“我说。”反复多次。",773,"
吃了两碗又盛
"
,3,"


我老婆科室新来的姑娘比较胖，上班没几天就提出不想晚上加班，怕晚上回家路上不安全。然后主任给她讲有人去抢银行，女职员不肯打开保险箱，还说你就是强奸我也不开，劫匪看了看说你想的美。",515,"
逍遥ベ二十二
"
,13,"


刚出来工作的时候，无聊在网吧打游戏，半夜一个坐在我旁边的美女借我手机打电话，然后她半夜在我旁边睡着了，中途醒了跟我说有点冷，我想把我衣服脱下来给她披上，后来我又怕我自己冷想想算还是算了。现在总算知道为什么单身了……[流鼻血]

",884,"
一本正经小逗币
"
"
这孩子厉害了
",115,"


昨晚去买药，途中，碰到一大哥带一个小正太散步。",12831,"
晓糖浅尝～
"
,3,"


初入江湖，纯手打，记得上技校时通勤坐火车，有天我们几个伙伴早上在车站集体不想上学，于是都回家睡个回笼觉，其中有个同学爸爸是船员突然回来了，问他怎么没有上学，他灵机一动说火车在家半路上车轱辘扎了，，，，，，轱辘扎了，于是他爸给他来了一通天马流星拳。希望给给过

",198,"
午夜分割线
"
"
不改我就不签字
",88,"


我有一朋友，轻微强迫症。",10289,"
爱哭的瓶子
"
,5,"


一网友说她6岁的女儿想要给她胳膊上的文身涂色，最终就有了这样的效果

",561,"
司禮監掌勺大太監
"
"
楼主这些年经历的故事
",18,"


男生女生的各种秘密，哈哈哈简直太对了

",2476,"
偷惢
"
"
伸双手，，不给水，，，再伸，，还不给，，，要不要这么低生下气
",12,"


简短不割，一句话，每当碰到感应器不灵敏的水龙头，就感觉自己像个要饭的.......

",1457,"
小安旭
"
,2,"


今天朋友钓鱼钓到一条蛇，那惨叫，那惊悚，那酸爽……

",216,"
怪叔叔的密秘
"
,10,"


还是那二货堂弟的事，昨天他媳妇在给孩子喂奶，看着他媳妇又大又白的胸部，这二货咽了咽口水假装恶狠狠的对孩子说：“小子，你现在吃饭的家伙事老子借给你用一年，以后它就是我的啦，你要再敢跟我抢，老子打屎你。”这话把产房里的人都笑死了，他媳妇羞得恨不得找地缝钻了。今早看那二货戴了顶帽子、大墨镜和口罩出现在产房，我扯下一看，被他媳妇挠了个大花脸。

",590,"
军太
"
,19,"


好不容易在附近加了一个小姐姐，聊了三天就开始给我卖保险，你以为你说没钱买就完事了？不！！！人家还能办理信用卡和贷款[再见咯][再见咯][再见咯][再见咯]

",563,"
性感的大铁锤
"
"
麻醉师出来再麻一下，之前麻的不够透[哈哈]
",51,"


表哥大腿骨折，从手术室出来后第一句话：这些医生护士太TM变态了，那医生划开我大腿后护士在旁边说，这条腿真好，都没有什么脂肪，肉质红嫩，就跟刚切开的牛肉一样，看着就有胃口！

",8713,"
墨子门人
"
,7,"


哈哈享受吧

",541,"
段子傻妞也
"
,6,"


难得看到的长胡须。

",181,"
我叫风吹鸡蛋壳
"
"
太长了，朕审帖看半天
",15,"


前几日，老妈高血压晕了一次，出院之后，老人家人生观发生了翻天覆地的变化！",397,"
鱼七七…
"
"
就我一个人觉得有点恶心吗
",16,"


老公要去出差了，我给他买了一个飞机杯，说：想我的时候，可以用它。这跟我下面一样的。老公怒：如果给你一样，我一定要给店家一个差评！

",582,"
齐钰
"
"
说句不好听的：出来卖的穿的也比她多
",52,"


是我老了，跟不上时代的步伐了嘛？

",805,"
少想多行→凯
"
"
老虎脸前揍虎崽……找刺激！
",42,"


楼主有个彪.悍的小表妹，老是闯祸。",7141,"
(糗名昭著)~魅儿…
"
,178,"


刚刚跟闺蜜（我老大）吃饭。老板问我叫啥呀。我一蒙，吃饭还带查户口的啊。于是说：我叫李晓晴。老板：我是问你叫什么吃的…擦，好丢人。哈哈

",4535,"
晓晴～LEE
"
"
这个事就发生在我的老家，内蒙古呼伦贝尔市扎兰屯市，九十年代初，真事！当初听到这个事
",243,"


吃饺子不蘸酱油是要坐牢的[笑哭]

",9122,"
哈喽！酷狗……
"
,6,"


突然想到个事不知道算不算糗，前一份工作认识个离婚女同事，有点傻傻惹人爱那种，一天休息时间我和一群同事在休息室喝咖啡，她突然跑进来说要给我生个孩子，我说为啥，她说你那么聪明，给你生个孩子长大她就有希望了，对面哥们对不起，我真不是故意把咖啡吐你脸上，但我也在公司出名了，人送外号:希望…

",564,"
丢了车票
"
"
你俩二百五
",18,"


最近媳妇儿减肥……",1040,"
哥，不是传说！
"
"
快给老哥送筐鸡蛋，不一会就能收获一窝小鸡
",10,"


练字的小侄子不小心趴本子上睡着了，等娃醒来的时候，不知道为啥本子粘到了脸上，我哥大笑着用力一撕，小侄子脸上通红一片，哭的停不下来……",536,"
白玉无尘
"
,3,"


一定要五字

",100,"
毓婷可以2片一起吃…
"
,3,"


今天早上来公司公司的感应门不开了  我就在门前不同距离来回走就是不开    mmp哥走边上的小门   进来才知道特么公司根本没有电[大哭]

",508,"
卖丝网的小男孩
"
"
上学的时候，我喜欢隔壁班的一个女同学。那天我带着自己班的大傻春，把那个女同学的车轮卸了下来。下午放学的时候，我用卖轮胎的钱买了两瓶汽水，准备给她一瓶，然后我帮她搬着自行车一起走回家。结果大傻春跳出来了，大声喊到“夏洛，我帮你拆了这么长时间的轮子，你居然请她喝可乐不请我”
",13,"


偷偷喜欢班上一个女生，想要创造独处的机会，我就偷偷把她单车放了气，等她来取车时。我冒出来说：“你车胎没气了，我载你吧！”她：我刚在楼上看到你扎我轮胎了。。。我。。。

",1062,"
段子傻妞也
"
,17,"


我陪老婆公园散步老婆说：“老公，我渴了”我：“那就买瓶水吧”老婆：“我没带钱包”我掏出一个钢镚：“我正好有一块钱”老婆高兴的买水，刚喝完，老婆把瓶子一碰，大吼：“你给我跪下，说，什么时候藏的私房钱”我：“啊～”

",527,"
段子傻妞也
"
"
楼主一定是不举[捂脸][捂脸]
",34,"


高中的时候，我们的语文班主任是一个逗逼，说话幽默讲课也风趣，我们很多人都喜欢，有一次他上完课下课的时候对我们说，“明天公开课，教育局的领导和校领导都来听课，拜托各位影帝影后配合一点，还是老样子，会的举左手，不会的举右手。”

",3820,"
神评湿
"
,4,"


我做的漫画杨Angela bany

",82,匿名用户
"
贱人就是矫情
",10,"


班里有个女汉子，有次我来大姨妈时没带面包，她怀着古道热心的光明正大的传给我了，光！明！正！大！我想我终于明白脸都绿了啥意思了，要不然为森么周围的男生都露出想笑死憋的表情。（我平时都表现的像个文艺妹子，要不然我定会向她竖个中指！磨牙。）

",536,"
桃颜
"
,6,"


三名囚犯被送上断头台执行死刑，三名囚犯的身份分别是屠夫，小偷，工程师。他们都表示愿意仰面被斩首，第一个是屠夫，悬挂着的刀片在落到三分之二时就停了，执法人员觉得这是神的旨意，就放了屠夫。小偷也因为同样的原因被放了。只到工程师时工程师兴奋地喊道：我知道它哪里出故障啦

",527,"
你皇上
"
"
皮肤黝黑，又胖又壮，胡须拉扎，猥琐下流的大汉？
",15,"


泉哥说：“年少时有个梦想，以为人生伴侣会是一个貌美肤白、身材高挑、长发飘飘、气质出众的美女。万万没想到，梦是反的。”

",510,"
喝咖啡就蒜
"
"
小妹看脚识人，你就开个荤吧
",15,"


前段时间，去淋足城洗脚，洗脚的小妹一边工作一边跟我聊开了，问：“大哥，你长得挺俊的，干脆来全套的吧？”",985,"
花七七…
"
,2,"


这年头，女人问你什么，你都必须回答，不回答，你就是小气，你问她什么，她就说你干嘛问人家的隐私，人与人的信任到那里去了

",134,"
熊猫冬眠
"
,8,"


都是套路[流鼻血][流鼻血][流鼻血]

",555,"
执念1986
"
"
继续生吧，有惊喜哦，看看能不能凑齐七仙女[捂脸]
",27,"


大伯大娘两口恩.爱一辈子，从没红过脸，育有四个女儿。",2017,"
(糗名昭著)~魅儿…
"
,7,"


不是应该去智商科吗

",538,"
李行道
"
"
活该你单身25年，还不如你侄子……
",17,"


外甥和女同学打游戏输了，我叹了口气：“一代不如一代，我打游戏从没输过给女的。”",1053,"
挖鼻孔的老虎
"
,17,"


明天有谁从杭州东到株洲的糗友吗！本人刚刚辞职身上没钱…朋友也没发工资…可是要去学校有急事…求带一呈…求助贴…大哥美女让过吧…真的没办法了…

",245,匿名用户
"
航空公司：补票！
",17,"


小时候《地理》课考试，最奇葩的考题就是双胞胎哥哥比弟弟早出生五分钟，弟弟生日却比哥哥大一年，问如何解释这种现象。百思不得其解呀，据说是因为时差的原因。",407,"
隔壁老张学英语
"
,6,"


我爸刚刚和我说：",532,"
被爱妄想症.
"
,14,"


舍友天天游戏，和一个富二代一起混。家里农村，条件一般，每个月底没钱了，能在宿舍躺一周，只喝水买个饼。留级，没钱交学费，那个富二代朋友也不借钱给他。大五毕业在外面浪了三年，结果他家拆迁了拆迁了。现在娶妻生子，生活幸福。

",556,"
你皇上
"
,12,"


单位新换了办公室主任，近乎苛刻的各种节俭……最近发现卫生间厕纸经常不到下午就用光光，告诉保洁大姐放纸，尴尬答复:主任吩咐男、女厕（各两间）每天只放一卷厕纸。此后每到下午，大家都不约而同的去楼上卫生间……因为此楼层厕纸永远不会断供，都是大头头！

",670,"
鱼歌浅唱
"
,6,"


开车去加油站加油，冲值加油卡的时候脑残的说了句～～冲满。加油站的妹子竟打电话问领导多少满？太单了～～她下班就约她～～

",90,"
十分卫
"
"
[大笑]听闻扯淡，十有九吹，何不干杯，飙出乘风破浪……
",27,"


听闻爱情，十有九悲，何不两清，做回甲乙丙丁 。听闻青春，十有九妄，何不放下，随风东南西北。听闻成长，十言九鼎，何不一人，陪你浪迹天涯

",1043,"
纯情，，，色狼
"
"
头回听到把基情四射说成减肥的……[doge]
",32,"


一胖胖的男同事突然下决心要减肥，饭量明显减少。",7275,"
爱哭的瓶子
"
"
你父母是真爱，你就是个意外
",14,"


老爸老妈旅游回来，让我别乱跑，家里待着，说是给我带了东西。满心欢喜的等着二老归来！",1071,"
狸土豆大人
"
"
然后，粥糊了
",16,"


我以前手脱臼了，我妈为了给我补补，给我熬鲜虾砂锅粥，用生米熬的，熬了很久。",1940,"
萌萌哒的小茶茶
"
,14,"


记得去年的时候，我跟女盆友同居，有一天在睡觉，我突然想放屁，就把被子把她盖住，她还没发觉，后来我放屁了，起来就是一顿暴打，打完她就哭了，为了哄好她，花了一千多，

",165,"
哈心动了我
"
"
正解！
",80,"


本想找一个人共度风雨，但当你找到后你就会发现，大部分的风雨都是另一半带来的。",7577,"
你不懂蛋蛋的忧伤
"
"
立贴为誓:这辈子一定要上一个川妹子。哪怕换来三年皇粮
",60,"


楼主川妹子，单位新来个北方妹子，中午问她要不要吃冒菜？妹子要吃。又问她要不要加辣椒？妹子要加。结果妹子被辣哭了…",2192,"
狸土豆大人
"
"
小女儿没找对项目负责人，被中间商赚了差价！
",63,"


大女儿“爸爸晚上我帮你洗碗，你能给我五块钱吗？”",9022,"
清水旁边
"
"
这个误会有点大，不过要给楼主点赞，孩子的教育最重要。
",11,"


下班回家看到我妈和我儿子在厨房说话。",859,"
爱哭的瓶子
"
,3,"


我怎麼住不到這樣的地方呢！

",108,"
不选择，也是选择
"
,19,"


爷爷从农村来城里看我，给我带了大包小包的好吃的。",1684,"
王云（笨笨）
"
,33,"


姐姐我告诉你们什么叫好男人。我一直以新婚之夜见红为傲，男朋友知道以后，虽然现在同居了，一直对我特别尊重我不勉强我任何事。昨晚男朋友非要撩我把自己撩硬了，然后我睡觉了他在一边鬼哭狼嚎，最后憋回去了。

",518,匿名用户
,8,"


我有个朋友老三，上次谈了个女朋友，感觉各方面都合适，就是觉得太漂亮了，1米七，100斤。有点不自信，于是每天请她大吃大喝，现在他自信多了。上次俩人野战遇到抢劫的，还顺带保护了老三，俩人扭松劫匪到派出所，被授予了勇敢市民。

",585,"
见笑了哈
"
,8,"


群里有个特别帅的小哥哥要去直播，问我们给他刷什么？有说刷牙的，刷衣服的，还有刷马桶的……结果他就直播了刷牙、刷衣服，刷马桶……好后悔没说刷浴缸……

",743,"
我是软妹～软软的～…
"
,4,"


LZ女，没有，不割，生病打吊瓶，期间上厕所，让男友举着吊瓶进了厕所，我大的，不好意思让他看我擦屁股，非让他背过脸去，他说：我啥没看过啊？我说；你不仅看过，你也干过呢！他瞬间邪恶：你小声点，别人人家听见！我：难道你没擦过屁股？

",158,匿名用户
"
你微微一笑，女人有两张嘴的，她永远不会晓得你是用那个种的草莓。。。[如花][如花][如花]
",55,"


闺蜜让我在她脖子上弄个草莓，气气她男友。",7750,"
猩猩眨呀眨
"
"
打脸了
",95,"


我在外边挣了钱，买辆新车衣锦还乡。哥大老远迎接我，还是那身破衣裳。上了车，他眨着眼上下打量，屁股不安生的扭来扭去，嘟囔着：“挺好。你觉得屁股颠不？”我说：“哪能，这车三十多万呢，一点没觉得颠。”“哦，那就好。我带着乡亲们弄大棚种蔬菜，赚了百十来万，都修这条路了。

",8354,"
你皇上
"
,1,"


倒大霉.......

",550,"
段子傻妞也
"
,25,"


【外卖小哥高温天晕倒街头，醒来后不顾劝阻挣扎要走：我还有个单子没送】6月27日中午，济南一名外卖小哥在街头晕倒。民警及时伸出援手，他才逐渐恢复。随后他不顾旁人劝阻，挣扎着要离开，称自己还有一单没送完。生活不易，多多理解和包容。

",759,"
普亨大地
"
,12,"


有同行嘛？

",80,"
A000-HERO…
"
"
该吃吃，该喝喝，该治疗治疗，人活着，早晚都死，但心态尽量平衡，要积极吃药和锻炼身体，别自暴自弃。一定要加油。我知道很难，但没办法。遇到了就去面对。实在支撑不下去的时候，想想这一生，只要没白活就行。
",43,"


身体查出癌变，心理那种崩溃和无助没有人能体会，心情很忧郁，孩子在外地读书，以前孩子回来我什么都不让他干，现在孩子回来，想到自己不知道能陪伴他多久，以后基本生活都不会，会吃很多苦，这次回来我逼他做饭，收拾屋，他手忙脚乱的弄的乱七八糟，，看到这里，心里很焦急，第一次严厉的骂了他，他生气的回屋掉眼泪，我的心犹如被万根钢针扎一般难过，如果我没有病多好啊，孩子怎么会理解我的苦心呢？惟愿以后他能过的好！我也就放心了！

",513,匿名用户
"
万达:老子没有钟点房
",42,"


我真的很难过

",1295,"
风吹裤襠蛋蛋凉
"
,9,"


想当年读大学的时候，找了个学霸妹子做女朋友，有一天晚上她说想做一道证明题，看看男生是不是用下半身思考的动物？然后我这个学渣用四个晚上证明了男生不是用下半身思考的动物。。。",762,"
二十七度可乐
"
,14,"


读者：杨过为什么要跳崖？",571,"
齐钰
"
,7,"


晚上吃烧烤，为小女孩点个赞，这么小就帮做烧烤的父母端盘子。

",283,"
师太，老纳当主持
"
"
结果发现接下来你公公每天都吃鸡补身体
",77,"


听说敷酸奶面膜皮肤会越来越滑，我就让老公帮我把酸奶抹到脸上，正在抹，有人敲门了，老公边加快速度抹边大声说：等等啊，马上就好！",5725,"
萌萌哒的宇宙第一美…
"
"
有这肠胃条件，为啥不去吃自助？
",29,"


姐夫说请我吃火锅，却带表姐游泳去了，我在火锅店等了很久。",1378,"
萌萌哒的小茶茶
"
"
说明培训很到位，我们公司开发的项目一堆人抢着买呢
",61,"


老妹打暑期工听说卖房子挣钱，跟人家销售人只学习了几个小时，回来以后非要家里人买一套！

",3063,"
墨海烟云
"
"
那一夜你哭了？
",26,"


大三的时候,曾经的球友都有女朋友了。我一个人在球场落寞地打着篮球。班上一个素来沉默的同学过来陪我打球。我：“你也没有女朋友吗？”他点点头。打完球，他请我喝水，才开口：“我老婆在老家快生了，我请几天假，你帮我跟各科老师说说。”...

",3241,"
萌萌哒的小茶茶
"
,6,"


我只是想找个地方说说，河北工业大学土木工程大二马上要上大三的冯开，你现在刚刚当选校报新闻中心主席，又有了女朋友，还未祝贺你。还有，你太小看我了，不匿，微信qq都是这个ID

",115,"
朔风怜秋
"
"
楼主一脸纳闷 为什么美女裙子里面不是马赛克而是一把大胡子？
",12,"


开完会准备下楼回办公室，电梯满员，遂从楼梯往下走。到了下一层，听到上方传来银铃般的笑声，不经意往上瞭了一眼，穿短裙的美女同事立刻惊叫：“不要脸”！我就纳闷了，难道走个楼梯还有什么严格的道德标准？

",805,"
披着狼皮的灰太狼
"
"
南方得不清楚你说什么
",43,"


哈哈享受吧

",2687,"
浅陌&1
"
"
一是一，二是二，没有什么问题!
",18,"


滁州天长一男子佟某长期夜不归宿，被老婆怀疑嫖娼。身正不怕影斜，佟某拨打110，请民警证明“清白”。民警发现佟某面色蜡黄￼，对其进行尿检，结果证明佟某近期吸食过毒品，随即被带走￼。在被押上警车时，佟某和老婆说：“我说没嫖娼￼，你还不信。”老婆，一脸蒙圈。

",949,"
以后7
"
"
丈二的纸写厘米的字[doge]
",11,"


台球室的老板和喜欢玩台球的书法家打赌：我输了，免台费，请你吃大餐；你输了，按我的要求写字儿就行。书法家不干：你是不是又准备了一张丈二的宣纸？！

",666,"
寒山宽洪
"
,9,"


打包盒模具供应商

",88,"
打包盒供应商
"
"
啊，暑假了啊，小学生们已经上线！
",7,"


碰见了儿子的女同学，她问我儿子作业写没写完，我儿子说没写完。她高兴地说:太好了，我也没写完！",888,"
吃了两碗又盛
"
,3,"


小的时候暑假去奶奶家，表姐和我一起趁着奶奶睡着的时候给她老人家剪了个斜刘海，奶奶倒是没有生气，我爸倒是火了，我表姐特别义正言辞的说是我一个人干的，她还拼命阻止的，结果我奶奶笑嘻嘻的看着我被老爸狠狠的揍了一顿……

",567,"
神评湿
"
,7,"


休息，两岁的外甥女来我家，一进门就跑到我身边“舅舅，我想要玩具”",734,"
没钻石滴王老五
"
"
套路啊，你公公是国家一级演员吧
",35,"


结婚前，第一次到老公家里的时候，看到桌子上有个烟袋锅子，很好奇，就拿着玩，一不小心给摔地下，竟然裂纹了。",2290,"
苏云琪
"
,10,"


这怎么吃啊，刚逮里

",79,"
情圣之圣
"
"
男孩子叫印邦邦不好么
",8,"


全家人的名字都是为了搞笑而起的吗？

",500,"
段子傻妞也
"
,7,"


老公出差回来，脸上起了好痘痘，我把他照片P好后发给公婆。",1470,"
晓糖浅尝～
"
"
他知道，说谎是要遭雷 劈的
",74,"


今天去买饭，最后一个鸡蛋被我拿了，一个男生说：姐姐，这个鸡蛋可以给我吗？我看他跟我差不多大，就让他别叫姐姐，叫美女就行。他看了看我，也不再提鸡蛋的事，转身走了……

",2735,"
乖小孩汤汤
"
"
90岁了就别祝长命百岁了，说个寿比南山什么的吧
",83,"


刚看到孙子“整”奶奶的视频，我眼泪都出来了。与我奶相依为命十几年，生活一直很苦，但每天都过得很开心。今天是奶奶九十岁生日。我真希望她能长命百岁。",7728,"
眼神猥琐吗？
"
,1,"


媳妇儿有些气血不足，中医给开的温补的药，每天熬两次，看着药渣突发奇想再熬一次尝尝味，担心有副作用就问媳妇儿：我喝了会不会变女人？媳妇儿说：做不了夫妻咱就做姐妹。姐妹~~

",159,"
tjbbx
"
"
你这个是瑞士限量表，还没达到巅峰的朋友是鉴不出来的！
",8,"


我有个同学刘哥，是个职业鉴婊师。中级鉴婊满七年的他终于在上个月成功申请到高级鉴婊资格的考试资格，如果明后年的两次考试能过，他将迈上人生巅峰。以此刘哥请我们几个吃饭庆祝，酒足饭饱后，刘哥为了我们今后的婚姻避免误入歧途，免费给我们每人鉴婊一次，如果是婊，直接分手。然后，妈蛋的，你能想到晚上7个人陪刘哥吃饭，6个人现在都单身了吗？现在只有一份鉴婊评估没出了，我内心忐忑……

",397,"
见笑了哈
"
"
小屁孩坑爹货啊！[奸笑]
",60,"


因为零花钱原因谈不拢，就和爸妈讲自己去KTV做暑假工，老爸问明哪个KTV以后死活不同意，说那个KTV里面服务员比鸡还浪[doge][doge][doge]然后老妈一脸黑线",6113,"
保洁二号
"
"
说对了
",11,"


朋友不会夸奖人,好不容易把女神约出来，他赞美道：你有一副美丽圣洁的面孔……女生微微一笑，他接着说：和一具妓女的灵魂……

",842,"
上凹下凸
"
"
内马尔：你们走吧，我妈不让我跟傻子玩
",22,"


一切都有可能[汗颜]

",2543,"
蓝色梦幻的忧伤
"
,13,"


舅舅家的鸡一年四季都在树上住，难道它真的想变凤凰吗？

",130,"
无味百合
"
"
现在怎么好多贴子就能见到“绿”字
",37,"


有一年去澡堂子洗澡。搓澡师傅突然问了句:小伙子你有对象了没？我心说这是看我器大器粗准备招婿么，赶忙兴奋的答到:没！师傅深吸了一口气，又缓缓的说到:那还好，我搓了那么多年，你小子是第一个一搓一撮绿的，简直浑身冒绿光啊！",4944,"
是时候暴露身份了
"
"
也许是发现大号废了，抓紧练个小号
",32,"


额(⊙o⊙)…",718,匿名用户
,6,"


评论亮了：高手，都不捡球的 ​

",575,"
有趣精选
"
,12,"


路过楼下新开的水果摊，无意中听到老板说冯护士的苹果出了名的好，我纳闷了好久，护士不是应该在医院工作么，怎么会卖起水果来了，后来才知道老板是福建人，原来是红富士。

",729,"
你皇上
"
,2,"


天气已经凉快了   但是我还想更凉快些   都别打扰我休息

",93,"
你野爹在呢
"
"
我特么的怎么就这么同意这个男的呢？
",97,"


哈哈哈哈嗝

",1892,"
媳妇太多养不起
"
"
这种孝顺，如此淳朴！
",29,"


朋友其实是个孝子呢

",4718,"
偷惢
"
,33,"


我好意提醒一个夜跑的妹纸注意安全。岂料人家说自己会防身术不惧流.氓.变.态。我质疑她的说辞，然后她就让我亲身体验了一回她的防身术。我挡住了她的要.害.踢，也接住了她的插.眼.手，就是敌不过那8000万高压脉冲电.击.棒，到现在打字手都还有点…扌…斗…

",1839,"
王八与蛋
"
"
不强奸还等什么
",8,"


女的知道男的很喜欢她久了，一天女问：你喜欢我那么久了，怎么不追我？男：觉得没可能。女：你不追怎么知道不可能。男一听感觉有戏，于是天天在她面前献殷勤。。。一段时间以后男的向她表白，不料竟被拒绝了，他愤闷的问她为什么？她却冷冷的说：我就是用实际行动告诉你什么叫不可能。。。

",573,"
段子傻妞也
"
,5,"


我在网吧、旁边一美女一会又说哎呀、又被轮了、今天都被轮了两次了，我该怎么办

",125,"
也许明天还有你
"
"
老婆想:幸亏我机智，差点把跟隔壁老王学的招数露馅了
",71,"


有时候媳妇说话好伤人，晚上和媳妇行房，她破天荒的在上面，我问今天怎么兴致这么高，她说今天朋友圈步数还差几步。。。

",4631,"
二十七度可乐
"
,4,"


老爸买了点新鲜荔枝回来,最爱吃荔枝的我,迫不及待抓了几颗尝尝鲜,用牙咬开,剥去表皮,“滋溜”一声吸入嘴中,噢～好甜,老爸一脸嫌弃,老弟好奇问道:现在荔枝这么好吃,杨贵妃为什么不生到现在呢?老爸瞧了瞧我的吃相,没好气的回道:我们家贵妃没有,杨玉环倒是有一位,你瞧瞧你姐这吃相,长这么胖,还吃这么多,跟野猪抢食有什么区别?

",597,"
梦回往事·泪如珠
"
,22,"


进入七月，意味着四舍五入一下就是2019年了。",528,"
穿裘皮的叫兽
"
"
晚上她妈把她凉席默默的换成的床单
",14,"


多么开明的老妈

",826,"
偷惢
"
,21,"


农村的孩子阿，插稻好爽

",156,"
索隆路飞厨子
"
"
作为一个老兵，我只想问一句。“战友！你确定退伍没把帽子带回去吗？”
",12,"


老家一小伙是兵哥哥，大家都知道部队管的严不到结婚年龄不能结婚，想结婚就得退伍。但是兵哥哥女朋友意外怀孕了……家里害怕影响孩子前程，就先把小娃娃给偷偷生了没有办婚礼，孩子百天也过了，大家都去喝喜酒了。今年年龄够了，昨天补办的婚礼，带着娃娃一块结婚，娃娃今年都块两岁了……这一次孩子真的不会说你俩结婚不带着我了！

",1179,"
跟风花雪月无关的
"
"
六七岁已经记事，你一丝不挂孩子心里阴影面积多大！
",77,"


算了！太丢人还是匿了吧！",1940,"
保洁二号
"
"
很明显车况很不理想，可能借车的人比较多，加上没怎么保养，再这样下去我估计这车要提前报废了[大笑][大笑][大笑]
",70,"


厉害了我的哥

",1893,"
靥琪维维
"
"
人生最最痛苦的你知道是什么吗？就是根本不用去银行，因为我知道里面一毛钱都没有。
",8,"


人生最痛苦的就是对着银行账户叹气的时候恍然发觉这里面还有一半是班费……

",680,"
包袱侠
"
,4,"


女人到底是什么温度，我晕晕闹不明白了。这么热的天吹会儿空调就喊冷，还强制关机。您大冬天的都能穿裙子，夏天吹会儿空调就不行了。

",129,"
睡在床上的人
"
,12,"


我刚出野外回来，这一路上我们已经惊吓了安检人员无数次。",459,"
帝丹小学一年二
"
"
一个瓜蹭了一顿饭
",49,"


楼主农村的，最近气温太热，楼主想着爸妈年纪大了，就蹬个小三轮，买了一车西瓜，其实也就十几个。蹬着车给爸妈送去，村里小孩子看见我满车的西瓜，就嚷着要吃。我就一人送了一个。",4669,"
VIP苏夕月
"
"
我个人觉得，楼主的做法很好，个人道德挺高的，懂得体贴人。但是如果拿回去了换了，我觉得也不应该受到谴责
",123,"


买了个西瓜🍉，老板是个农民，开个拖拉机，还有一个大学生儿子帮忙卖瓜，花了10块钱买一个瓜，老板说个个保甜，回家开瓜，瘘了，味了，我说扔掉算了，老婆说，不行，去退了，我小心翼翼的装上瓜，下楼扔进了垃圾桶，又去那个老农那买了一个大小一样的瓜，回去交差，都不容易，人家在这么高温度下，把瓜送城里来，容易吗？你说是吧！

",6009,"
心理教授888
"
,9,"


闺蜜认识了一个男生，不算帅，也不是很有钱，条件平平吧，但是她很快就下了决心和他在一起了。",613,"
怯露惹秋风
"
,5,"


牛腩面，亲，包邮噢！

",81,"
、日久`生情
"
"
人家不想上墙，你偏要给弄上去，这不是多管闲事，是贱
",13,"


人生四大多管闲事：扶烂泥，雕朽木，翻咸鱼，烫死猪。

",941,"
段子傻妞也
"
,9,"


有一次我带爷爷去看医生，一进门哪位医生面带微笑的，说大爷你坐，我给你检查一下，然后就有了下面这段神对话！",601,"
wAn笑か
"
"
这么贵买的菜，不吃不是更浪费？
",10,"


老妈买菜的时候把车停到了路边，结果被巡逻车拍到，理由是“不按规定停车”，需要缴纳罚款。",813,"
小龙不聋
"
"
为什么你们认识的妹子比鸡还开放，老子找个鸡还他么放不开？
",33,"


好多年前自己租房子住。有天晚上溜达，碰见了心仪的漂亮妹子随便说了句:到我那去坐坐吧。妹子还真去了。年轻单纯，聊了几句就陷入了尴尬的沉默，然后就各自玩手机。到了九点多，我说:“不早了要不——”妹子一听期望的看着我。“我送你早点回去吧。”妹子一听，突然很冷淡的拒绝了我的好意，独自走了。",1426,"
十度劫佛
"
,12,"


楼楼马上毕业了，为了找工作方便，现在住在同学那里，她和一个男生还有一个女生三个人一起合租，我能说我在这里住了十几天了，还没见过这个男生么，因为那个男生每天晚上都回来的比较晚，楼楼脸皮又比较薄，所以也不好意思在那么晚的时候贸然跑出去看一下，哈哈，其实还蛮好奇他长什么样子的，听说是个帅哥哦！

",222,"
二货的世界你造吗
"
"
最后这位大姐没有回来了吧
",16,"


今天我们店里洗碗的大姐她儿子，骑着电动车上街被交警抓住了，没带头盔，未成年，不到13岁！",783,"
蜗牛的尾巴
"
"
太他妈对了，！！！心机婊啊。。
",58,"


我有个同学刘哥，是个职业鉴婊师，他曾如此点评过女性：“女性们在社交网站和微博等公开的地方发些小酸文或者转发些文艺矫情的话无非是两个目的，一是彰显自己的善良单纯楚楚怜人，对爱情的执着对物质的不屑，二是等待异性的关注安慰和勾搭， 但常常并不搭理前来关心的人，以显示高贵冷艳，其实是嫌弃人家又丑又穷。”

",3298,"
见笑了哈
"
"
求翻译
",41,"


登机时，前后汹涌着一群阿姨，呼朋引类，热火朝天。一位嚷：“哎呀蔡姐，我那兜志涅？”一位答：“你仰啥呀你仰？你那兜这，不歹徐姐那疙瘩腻吗？”又一位喊：“你们瞅，那边喇就是机昌！那开飞机的，就葛那里边猫着涅！”我忍不住接话道：“不光开飞机滴，还有俩把门儿的小丫头片纸涅！”

",586,"
村姑二丫
"
,2,"


儿子昨天下午刚刚回来，中午，让他看一下锅里正在烧的排骨，一不注意有点糊了，我和老公怕打消他的积极性都说好吃。饭后我悄悄的对老公说：排骨要早两分钟关火口感就好了。老公说：烧的正好阿好呢！你看，正好吃完，要是再好吃点肯定不够吃！

",674,"
不在行
"
,12,"


我小时候也遭遇过拐卖小孩的。那时候刚刚上小学二年级，家里离学校挺远的，每天都是几个小孩一起走路上学，路上经常有那种运猪的大卡车，有一天一辆运猪车在我们的身边停下，下来两个男人，期中一个男的对另一个人说：抓住那个背黄色书包的小男孩。我们听到了就拼命地跑才躲过了一劫。真是幸运呀！

",153,"
不想解释了！
"
,13,"


当游戏可以直接用V信账号登录的时候，玩家的名字就变得非常接地气，比如“铝合金窗户加工”“专业水电”“防水实木麻将桌批发”。。。

",1186,"
草泥马来也
"
"
孩子说的没错。作为一个热心人，我一定会仔细阅读的[色色的][色色的][色色的]
",15,"


表姐家的狗狗丢了，决定贴个寻狗启示。",1574,"
爱哭的瓶子
"
"
第一次看这个段子的时候，贝克汉姆还是曼联的队长
",9,"


现在发现身上到处都是纹身的人也不是坏人，今天坐公交车，有个纹身大金链子的大哥主动给一老太太让座了，老太太很感激的说了一句谢谢，大哥说，你妈逼跟我客气个JB啊！（转）

",558,"
桃颜
"
"
感觉很萌啊
",5,"


楼下的小朋友来家里找侄儿玩，不一会俩人吵架了那个小朋友气呼呼的回家了。我问侄儿怎么不去追他呢？侄儿说:我才不追呢，反正他还会找我玩的。果然没一会那个小朋友又来了，我正暗自佩服的时候，那个小朋友拿了自己忘拿走的玩具又气呼呼的走了，看着侄儿吃瘪的表情我没忍住笑出了声…

",2357,"
默然°
"
,3,"


看见大家都在发长腿，我来个短的！

",97,"
ISIS…
"
"
保姆纵火案就是这么来的
",28,"


今天下午一家人和保姆一起玩扑克跑的快，三个人都赢了，就保姆输了将近一个月的工资，现在好了，保姆煮完晚饭端上桌后，谁都不愿意先动筷子，就随意扒了几口饭，现在每个人都在找吃的，商量着明天一早把赢的钱退给保姆，尼玛的。

",1142,"
加勒比海怪001
"
,14,"


刚刚，就在刚刚我让老家大表哥给我快递的（榛子）到了，结果上面明晃晃的写着棒子俩字[汗颜]快递员问我为什么大老远的从黑龙江邮棒子到江苏，我仔细想了想说到。打人还是老家的棒子拿着顺手[挖鼻孔][挖鼻孔]

",1602,"
痴鑫绝对0
"
"
下车时候 楼主一把拉住小伙叫他睡了就要负责 五个月后 小伙光荣的当了爹
",8,"


坐长途汽车，睡的迷迷糊糊的...隐隐约约听见坐旁边的小伙对着手机小声说道：“各位老铁，请记录我的人生巅峰，这是我第一次和女生一起睡觉...”

",762,"
黄山小妖
"
,9,"


我老公说我做得菜不好吃，我很难过。于是我就报了个散打班，速成的。我又接着做了两次菜，我老公一次比一次满意。现在总是说：做菜不一定是女孩儿的事，男人更应该做菜。我的经验是：有时候报对班是多么的有必要。

",543,"
丑八怪888
"
,29,"


也说个人贩子的事，亲身经历。lz农村的六岁多的时候有次自己去河边玩，旁边就是公路――来了辆车下来俩人说要给我糖吃，我就屁颠的去了，结果被报上了车。当时拼命反抗也是无用，但是事情总有转机的，就在即将上车的那一瞬间我突然发力挣脱了！然后跑进了小树林，那俩坏人也没追估计也害怕了。。我自己也是一阵后怕。后来想着想着又乐了，你们猜为啥，过了告诉答案

",282,"
好男儿志在四方，
"
"
还以为你被你姐同学睡了呢！不不不，说的不是你姐女同学！
",6,"


话说那时年少十五岁是，姐姐比我大五岁……割……。农历7月的某晚姐姐生日叫上了她的同学朋友什么的一大堆到KTV过生日，我也很荣幸参加了，22点多KTV服务员推着蛋糕拿着一碗面，面条上面还有个煎鸡蛋，然后唱着生日歌进来了。歌曲结束，服务员把面递给我（亲人或者爱人给寿星喂一口面）我两口把鸡蛋吃了，两口把面吃了，吃完了发现没人唱歌了也没人说话了，抬头一看那么多双诧异的眼神看着我，我姐只好抢过碗喝了一口汤化解了我的尴尬。

",795,"
你是疯2，我是傻
"
,4,"


做为地道的重庆人从来分不清东南西北，一直被老公嘲笑，搬了新家在顶楼，整理东西到了下午，看见阳光从窗户照进来了，得意洋洋的跟老公说，咱们租的房子是西晒呢。老公哼了一句，咱们住楼顶，一天到晚都晒！尼玛，不按套路出牌。

",562,"
数学小公举
"
"
看完，有几个和我一样看看自己的小指外侧的？？
",177,"


转的。[大笑][大笑][大笑]

",6579,"
￥外贸服装
"
"
父母是真爱，你就是个意外
",18,"


妈妈在家里打扫卫生，不小心打碎了架子上爸爸的花瓶。",1231,"
王云（笨笨）
"
,5,"


都知道大雄为什么最后会和多啦A梦分开吗？？？因为他们继续在一起就会污辱我们的国宝！

",94,匿名用户
,7,"


一个地主给自己十几岁的孩子找了个媳妇，由于小新郎年龄太小，不懂人事，一切都由做父亲的代办了。",753,"
绿色段子手
"
,16,"


转载：弟弟惹我发飙我快动手的时候，我爸在旁边劝我说：“要对你弟弟好点，不然以后你嫁人了被老公欺负挨打都没人帮你忙。”我妈轻笑了一声说：“呵，你想太多，她这样能不能嫁出去都还是个问题。”

",644,"
百花阁~牡丹
"
"
你吃个15的行？借5块我吃个泡面
",20,"


老妈在家里的微信群要求我们3兄弟每人给她转2000块钱，我们3兄弟转完后就在群里叫3个儿媳妇明天去狂街买衣服食海鲜。并告知我们3兄弟跟我爸自行理解决今天的伙食，人均用费不得超过20元一餐。

",961,"
隔壁老王R..
"
"
饭可以乱吃，有些地方是不阔以乱去的~
",13,"


来到重庆，午饭丘艳豆花。菜上齐，我去打饭。饭是门口自取的。",817,"
守口如瓶126
"
,16,"


公司一同事捡到一只小鸭子，跟客服的美女说等会做烤鸭吃，我看不下去了出面批判:你们太残忍了，它多么可爱啊，你们就不能等它长大了再吃嘛！             好吧，开玩笑的，希望这小东西健康长大。

",421,"
一休哥sue
"
"
你太温柔了，应该拿啤酒瓶往老公头上砸的，蹦的碎渣子还能扎心机女一脸，，
",16,"


和老公恋爱那会儿，他老家的女同学来玩,我们请她吃饭。席间他俩相邻而坐谈笑风生，她还几次用菜单轻轻敲我老公的头，嗔笑着说讨厌，估计是把我当傻子了。于是我带着微笑说：“姐姐你好温柔，他惹我生气的时候我都是这样。”说完抄起勺子朝老公脑袋狠狠敲下去，差点把他敲晕了。",617,"
爱哭的瓶子
"
"
大姐家里有姐夫啊，，[奸笑]
",15,"


跟闺密逛步行街，烈日下穿梭着几个敬业的派单员，一小姑娘在我俩身边略微迟疑“大哥，您收好！”硬生生把传单递给了前面一位老大哥，闺密笑语“眼里只有大哥没有大姐昂！”小姑娘笑眯眯的挥动手中**男科医院的大传单“因为大姐用不着呀！”

",1593,"
鱼歌浅唱
"
"
嗯，良心卖家
",28,"


附近开了个烤鸭店，鸭皮烤的酥香油脆，但是鸭肉的味道有点怪，吃起来感觉不新鲜，每次吃了都会拉肚子！！不过烤鸭店生意很好，我也经常光顾，因为吃了不会长肉…

",1730,"
狸土豆大人
"
,16,"


我家附近有个清华小学，对口的中学叫清华中学。有次我路过清华中学门口，就听到两个大妈在吹牛：“我儿子上好清华小学上清华中学，上好清华中学上清华大学”。

",517,"
盛世美颜刹那芳华
"
,22,"


大家不要反手摸肚子了，网上说了，那是病。是因为小脑太发达，大脑相对就落后了，能够到是因为胳膊长，那也是没有进化成功的原因啊，大家想想大猩猩……（自行脑补……）

",623,"
米臭米臭米臭！
"
,8,"


昨天与某闺蜜一起shopping， 来到某化妆品区，额突然想起来需要补一瓶颈霜， 告诉售货美女的一瞬间额脑子里一阵空白， 于是额连说带比划的问她：“有没有抹脖子的？” 热情的售货美女们瞬间石化，然后又冷静的补充：“我不卖刀。”",797,"
捣蛋的青蛙
"
"
没毛病，是9开头的
",5,"


记得高三那会儿有次模拟考后，数学老师：这次模拟考题目相对来说比较难，但值得欣慰的是有部分同学还是考得不错的，请9字头的同学站起来，大家给点掌声他们……。班里某一帮扶对象也站了起来，我们吃惊的以为：这难道就是所谓高考前的黑马？然而这家伙悠悠的来了一句：我9分。啊哈哈哈，只见老师脸上一头黑线……

",1150,"
呼呼会吼吼
"
"
能说出这些专业词语，真是搬砖也是暂时的！
",4,"


哥们相亲叫我跟他一起去，反正也没有事就跟他去了，跟他到了相亲的地方，姑娘还没到，点了喝的我两聊着等，等了十来分钟，妹子到了，清纯类型坐下后点了菜，然后一边吃一边聊，上到天文下到地理兴趣爱好等等……印象深刻的是，妹子问哥们“做什么的？”哥们：“正交型硅酸盐高温凝聚态材料平移对称结构成型工程师”妹子“听不懂说简单点吧”  “搬砖的”

",745,"
“东方老赢”
"
"
鱼“麻痹这水辣眼睛”
",13,"


小时候听别人说街上卖的鱼好多都是用粪喂养的，说粪坑里的鱼长的又肥又快，，",565,"
吉九豆无心
"
,5,"


下坡刹车失灵

",176,"
忘穿秋短裤
"
"
根据你点的韭菜和腰子，恕我直言，阁下可能有点软啊
",15,"


恕我直言，烧烤这种东西的出现简直就是对食物的不尊重，简直是浪费食......呦，再来一瓶，老板，中了，再来五串腰子五串韭菜。

",818,"
临时工编号1008…
"
"
盖被子 才是对空调最起码得尊重
",38,"


夏季，老公特别喜欢将空调温度开的很低然后裹着被子睡觉。对老公这一癖好，我难以理解....终于我忍不住问道:老公，你为啥非要如此折磨自己？老公说:我就喜欢夏季的温度热不到我，空调的冷气冷不着我......

",2289,"
冬瓜妹儿
"
"
竟然能开到了第三届[惊呆了][惊呆了]
",50,"


真心不容易啊！

",2943,"
不要让我哭
"
"
哈哈哈哈哈[大笑]
",40,"


我的男票很懂礼貌

",3881,"
偷惢
"
,5,"


感觉自己有点同情心泛滥，每每看到老人或者残疾人都会不自主的想帮助他们，刚刚一老人来办事，但不归我管，我跑去求领导，希望不要拖延！我想这样是对的

",114,"
小~雪~糕
"
"
原始人时代是因为跑不了才在一起，唐宋时期是因为怕丢人才不离婚，现在是一个自由的时代，如果真心相爱，就不存在走心还是走肾的问题了。
",25,"


原始人时代，你带着棒子，看上哪个了，一棒子下去，女的拖回家就是你的了；唐宋时期，生米煮成熟饭，这女的也是你的了；现在就算你把她生米煮成爆米花也不见的是你的。有时候你想走个肾，却不小心走了心，有时候你想走个心，却发现只是走了肾；世界那么大，床那么小，床上的两个人曾经那么好，却不能到老。我喜欢牵了手就能成婚的故事，却活在了一个上了床也没有结果的时代…[病了][病了]

",1173,"
zjz959
"
"
根据你点的韭菜和腰子，恕我直言，阁下可能有点软啊
",15,"


恕我直言，烧烤这种东西的出现简直就是对食物的不尊重，简直是浪费食......呦，再来一瓶，老板，中了，再来五串腰子五串韭菜。

",818,"
临时工编号1008…
"
"
伟哥给他找了个鸡，
",12,"


我有个同学建哥，脾气暴躁，一直单身，毕业后寝室伟哥给他介绍一个。相亲时，我们几个坐旁边桌偷看。那天很热，进来个170的大长腿，美艳白嫩，全场瞩目，上来就坐建哥对面，第一句就是：“有房吗？”建哥摇摇头。美女：“有车吗？”建哥又摇摇头。美女：“存款呢？”建哥叹了口气低头收拾一下准备走了，美女：“这些我都有，我就问你一句，你是处男吗？”建哥愣了一秒：“我是，我是，我草，幸福来的太突然了！”看着俩人出餐厅，我们都懵了。磊哥突然说：“伟哥，我也是处男，你给我也介绍一个这样的呗？”伟哥掏出烟点上深深吸了一口
…
",314,"
见笑了哈
"
,6,"


我真的看不了那些打小孩的，虐待的，看完心底会有恐惧，是不是因为胆子太小。。。

",249,"
你为何不跪
"
,21,"


坐等蹭烧烤。大庆绿地御园。

",83,"
饕餮晟
"
"
哪用这么麻烦。裸贷！钱不还了。让放贷的流氓把照片卖给色情网站，收益一人一半。啊？不知道哪有色情网站啊。。。糗友们，谁给帮忙提供一下？
",42,"


空手套白狼

",558,"
靥琪维维
"
"
你这算什么？洞房第二天，我早上吃饭觉得客厅摇晃很厉害，非说地震了，老爸照头给了我一筷子才清醒了点[捂脸][捂脸]
",97,"


那年情人节，我和媳妇儿在路边吃烤串，看到不远处有卖花的，我偷偷过去打算买一束。",3064,"
隐笛
"
,2,"


刚刚快递小哥打电话说快递到了，让下楼去取。因为懒癌症犯了，就跟快递小哥说不在家，放在自提柜好了。半个小时过去了，想起今天好几个快递都到了，于是下楼取快递。在自提柜跟前刚好有个快递小哥再放快递。他回头看见我问我取快递么，我说是的。他说那你先取吧，我刚放进去一个快递，剩下的正好没柜子了，你取了我再放。伴随着柜子打开的声音，快递小哥的声音从后面悠悠的飘过来。你不是说不在家吗？我都跑两趟了自提柜才有个空的，刚放进去一会还没捂热呢！在快递小哥嫌弃的眼神中默默飘走。要不是穿着睡衣拖鞋，真想说自己刚从外面回来
…
",130,"
香蕉皮^ω^
"
,2,"


我有个同学建哥，脾气暴躁，上学时就总被教导主任训斥。当时上学时学校有些规定，像上课睡觉记过一次，上课看课外书通报批评一次，往学校带不健康书籍物品的留校察看等。记得当时建哥上课看黄书看累了，趴在书上睡着了，还留了一书哈喇子，被老师逮到了，最后以情节非常恶劣为名给开除了。

",198,"
见笑了哈
"
,30,"


虽然知道养狗败家，但还是养着，因为狗狗可以给你一个全新的家，哈哈

",977,"
不能单身的单身狗
"
"
段子编的太烂了，八国联军，奥匈帝国没了，意大利，美国没进世界杯，剩下的英，法，德，日，俄总共15场小组赛，加一起输了5场，你这场场买输，不赔的卖老婆才怪。
",5,"


你大爷还是你大爷

",528,"
段子傻妞也
"
"
改天你嫂上了博士后，你哥得把八大菜系都做遍了……
",80,"


哥刚和嫂子恋爱时压力很大，因为嫂子是个博士，哥是研究生，觉得学历不对等，哥说结婚后这种感觉瞬间木有了，我问为啥？哥说:你嫂子学历虽高，可生活上啥也不会，哈哈哈！说完看见哥开心滴解开身上的围裙指着一大桌子菜，说:快去叫你嫂子来吃饭，我要用我的战绩羞辱她！",4044,"
倾心倾情%%
"
,3,"


在外打工，不常回家。过年时去媳妇娘家，丈母娘从冰箱里拿出特意留给我们的冷冻的野草莓和青皮核桃。",262,"
十度劫佛
"
,4,"


今天跟一女同事聊天，我问她那里的，她说广西的，我想到了许华升和老表，我脑子一热学广西话，那不是跟老婊子(老表仔)一个地方的吗，下午班都没上了。我今天才知道原来一个手也可以玩糗百，这房间就是好啊，还有空调……

",260,"
懂你√
"
,7,"


大神们，此乃什么神兽？

",71,"
Hey,cg
"
"
第二天晚上，堂嫂让堂哥守夜，早上发现小龙虾没事儿，堂哥没了
",21,"


堂哥养殖小龙虾，最近小偷猖獗，为了避免损失，堂嫂让他守夜，他守了两晚，觉得太累，想出一个空城计的法子，花一百多买了个帐篷放在水池边上，帐篷里点上灯，假装有人守夜。",779,"
双手发抖
"
"
最可气的竟然是老师儿子摘走的。
",9,"


初中早恋，老师给我说:你们还小，现在的爱情就像没有成熟的桃子，又涩又苦，等你们长大了，桃子成熟了，那时候就甜蜜了……现在桃子熟了被别人摘去了……[流鼻血]

",512,"
一本正经小逗币
"
,0,"


一份突如其来的工作！羡慕了

",210,"
李行道
"
,0,"


这个表情包的面孔笑死我了哈哈哈

",156,"
撩汉大婶
"
,9,"


明天就是自己23周岁的生日，看了糗百快一年了，希望大家给过吧

",74,"
回忆这，回忆那
"
"
把自己拎起来了？
",6,"


这是一个真事_",488,"
梦斗战神
"
"
鸡鸡复鸡鸡，神龙是平胸。
",46,"


最近新剪了一个短发，下午去和闺蜜逛街，，，，，，，，，",632,"
劳资是小神龙
"
,4,"


雷第森安的乡亲们，接上回说到因为二罐臭豆腐发生一系列神奇的事件后,我被我爹揍的一星期没去上学,二篮后来告诉我,屎没噎死他,也没臭死他,他差点被他爹打死。我心里反而平衡了。班里的同学们除了狗花和胖妞,再也没有别人敢对我和二篮说话的了,就连收作业的学习委员翠芬都躲着我俩,我想交作业都不敢收,我俩的自尊心被同学们不断的践踏,一个明媚的午后,二篮忍不住了,“以后你们在再背后议论我和杨伟,我俩就死给你们看,”“好啊好啊”更不是老师拦着,我估计二篮真能拉着我在跳一次化粪池。",144,"
杜六大人
"
,2,"


因为平时车钥匙和大门钥匙都挂一起，早上起床急着去分店，拿着钥匙就准备去开院子的大门，开了半天门都打不开，没错拿错钥匙了。还没完，等我到总店门口要开车的时侯瞬间懵了，我拿着的是大门钥匙……(￣o￣) . z Z

",260,"
我就是蓝莓
"
,33,"


老师:小明你来说说七大洲？",2089,"
微笑海洋鱼。鱼
"
